card_id	page_start	page_end	chapter	topic	text_fact	image_formula_gap	inference	unverified	evidence_level	source_ref
PT-001	1	1	I 基础算法	快速排序与归并排序边界模板	文本层出现快速排序、归并排序函数、分治和边界组合说明	未登记图片或 text-gap；不等于源页没有图或公式	推断：可作为基础排序模板定位入口	模板不变量、边界、复杂度、编译/样例和版面顺序未验证	E1-TEXT	pymupdf.md:p1;matrix.tsv:p1
PT-002	2	2	I 基础算法	归并排序统计逆序对	文本层定义逆序对并用合并有序段解释计数过程，出现逆序对代码	图片缺口：page-002-image-01.png 存在；归并流程图和图中文字/箭头未转录	推断：可定位“归并过程统计逆序对”的模板线索	图片关系、计数边界、复杂度、编译/样例未验证	E1-IMAGE	pymupdf.md:p2;matrix.tsv:p2
PT-003	3	3	I 基础算法	整数二分与 lower_bound/upper_bound	文本层给出 lower_bound、upper_bound 语义和两种整数二分代码，含逆序对代码续页	未登记图片或 text-gap；不等于源页没有图或公式	推断：可作为整数二分区间模板索引	check 单调性、闭开区间、返回值、复杂度和编译测试未验证	E1-TEXT	pymupdf.md:p3;matrix.tsv:p3
PT-004	4	4	I 基础算法	浮点二分与分数四则运算	文本层出现浮点二分 eps、Fraction 结构、约分和分数运算代码	未登记图片或 text-gap；不等于源页没有图或公式	推断：可作为精度二分和分数模板定位入口	精度阈值、负数/零分母边界、溢出、复杂度和测试未验证	E1-TEXT	pymupdf.md:p4;matrix.tsv:p4
PT-005	5	5	I 基础算法	分数打印与高精度加法	文本层出现分数打印、加减乘除和非负大整数加法代码	未登记图片或 text-gap；不等于源页没有图或公式	推断：可定位分数与高精度基础操作	符号约定、进位、类型范围、复杂度、编译/样例未验证	E1-TEXT	pymupdf.md:p5;matrix.tsv:p5
PT-006	6	6	I 基础算法	高精度减法与比较	文本层出现 A>=B 条件下的高精度减法、去前导零和 cmp 代码	未登记图片或 text-gap；不等于源页没有图或公式	推断：可作为大整数减法/比较的候选骨架	输入约束、借位、零表示、复杂度、编译/样例未验证	E1-TEXT	pymupdf.md:p6;matrix.tsv:p6
PT-007	7	7	I 基础算法	高精度乘法与低精度除法	文本层出现高精度乘低精度、高精度乘高精度和除低精度代码开头	未登记图片或 text-gap；不等于源页没有图或公式	推断：可定位大整数乘除模板族	小端表示、进位、除数限制、溢出、复杂度和测试未验证	E1-TEXT	pymupdf.md:p7;matrix.tsv:p7
PT-008	8	8	I 基础算法	高精度除法与一维前缀和	文本层出现高精度除法续写、商余处理以及一维前缀和公式/代码	未登记图片或 text-gap；不等于源页没有图或公式	推断：可定位大整数除法到区间和的过渡页	除零、商的前导零、索引边界、公式版面和模板测试未验证	E1-TEXT	pymupdf.md:p8;matrix.tsv:p8
PT-009	9	9	I 基础算法	二维前缀和与一维差分	文本层出现二维前缀和递推、子矩阵求和、一维差分和查询代码	未登记图片或 text-gap；不等于源页没有图或公式	推断：可作为前缀和/差分题型定位入口	下标约定、溢出、初始化和二维边界未验证	E1-TEXT	pymupdf.md:p9;matrix.tsv:p9
PT-010	10	10	I 基础算法	二维差分	文本层出现一维区间加、二维矩形差分四角更新及恢复代码	未登记图片或 text-gap；不等于源页没有图或公式	推断：可定位区间批量修改模板	差分恢复顺序、边界哨兵、类型范围、复杂度和测试未验证	E1-TEXT	pymupdf.md:p10;matrix.tsv:p10
PT-011	11	11	I 基础算法	离散化、位运算与双指针	文本层说明 value 到 index 映射，出现 lowbit、取位和双指针框架	未登记图片或 text-gap；不等于源页没有图或公式	推断：可作为坐标压缩与线性扫描的候选入口	映射保序条件、重复值、指针不变量、复杂度和测试未验证	E1-TEXT	pymupdf.md:p11;matrix.tsv:p11
PT-012	12	12	I 基础算法	离散化排序去重与区间查询	文本层出现排序去重、find 映射、add/query 容器及前缀和处理	未登记图片或 text-gap；不等于源页没有图或公式	推断：可定位稀疏坐标上的前缀和模板	坐标是否连续、重复更新、1-based 偏移、复杂度和测试未验证	E1-TEXT	pymupdf.md:p12;matrix.tsv:p12
PT-013	13	13	I 基础算法	区间合并	文本层出现按左端点排序、维护 st/ed 并输出合并区间的代码起始	未登记图片或 text-gap；不等于源页没有图或公式	推断：可作为区间合并模板的起始页定位	端点相接是否合并、初始化哨兵、排序稳定性和测试未验证	E1-TEXT	pymupdf.md:p13;matrix.tsv:p13
PT-014	14	14	II 数据结构	区间合并续与单链表	文本层补出区间合并循环和数组模拟单链表的初始化、头插、插入、删除	未登记图片或 text-gap；不等于源页没有图或公式	推断：可定位区间合并收尾与静态链表模板	链表下标语义、删除头结点、容量、复杂度和测试未验证	E1-TEXT	pymupdf.md:p14;matrix.tsv:p14
PT-015	15	15	II 数据结构	反转链表与双链表	文本层出现反转链表指针更新和带哨兵的双链表插入/删除代码	未登记图片或 text-gap；不等于源页没有图或公式	推断：可作为链表操作复习入口	空链表、节点编号、哨兵、指针更新顺序和测试未验证	E1-TEXT	pymupdf.md:p15;matrix.tsv:p15
PT-016	16	16	II 数据结构	双链表应用与栈	文本层补出双链表操作，给出数组栈入栈、出栈、栈顶和空判断	未登记图片或 text-gap；不等于源页没有图或公式	推断：可定位双链表到栈接口的模板	删除/插入边界、栈溢出、下标约定、复杂度和测试未验证	E1-TEXT	pymupdf.md:p16;matrix.tsv:p16
PT-017	17	17	II 数据结构	栈应用与表达式求值	文本层出现栈操作题和 num/op 双栈表达式求值代码	未登记图片或 text-gap；不等于源页没有图或公式	推断：可定位运算符优先级栈模型	括号/一元运算、除零、输入格式、优先级表和测试未验证	E1-TEXT	pymupdf.md:p17;matrix.tsv:p17
PT-018	18	18	II 数据结构	普通队列与表达式求值续	文本层补出表达式求值收尾和数组队列队头/队尾/空判断	未登记图片或 text-gap；不等于源页没有图或公式	推断：可作为基础 FIFO 模板定位页	队列容量、空队列访问、表达式异常和测试未验证	E1-TEXT	pymupdf.md:p18;matrix.tsv:p18
PT-019	19	19	II 数据结构	循环队列	文本层给出普通队列应用和模 N 的循环队列入队、出队、空判断	未登记图片或 text-gap；不等于源页没有图或公式	推断：可定位环形缓冲区写法	满队列判定、头尾绕回、容量浪费和测试未验证	E1-TEXT	pymupdf.md:p19;matrix.tsv:p19
PT-020	20	20	II 数据结构	单调栈与单调队列	文本层描述维护单调性、最近更大/更小值和滑动窗口最值，并给出代码	未登记图片或 text-gap；不等于源页没有图或公式	推断：可作为单调结构题型入口	check 方向、窗口边界、重复元素、复杂度和测试未验证	E1-TEXT	pymupdf.md:p20;matrix.tsv:p20
PT-021	21	21	II 数据结构	KMP 一下标版本	文本层出现 KMP 链接、1-based 模式串 next 数组和匹配代码	未登记图片或 text-gap；不等于源页没有图或公式	推断：可定位 KMP 前缀函数/失配跳转模板	next 定义、匹配下标、重复匹配、复杂度和测试未验证	E1-TEXT	pymupdf.md:p21;matrix.tsv:p21
PT-022	22	22	II 数据结构	KMP 零下标与文本匹配	文本层出现 0-based/1-based 变量混合的 next 处理和匹配框架	未登记图片或 text-gap；不等于源页没有图或公式	推断：可作为不同下标 KMP 对照页	下标转换、空模式串、输出位置、复杂度和编译测试未验证	E1-TEXT	pymupdf.md:p22;matrix.tsv:p22
PT-023	23	23	II 数据结构	string 版 KMP	文本层出现基于 string、nxt 数组和前后缀长度的 KMP 代码	未登记图片或 text-gap；不等于源页没有图或公式	推断：可定位 string 接口的 KMP 候选实现	nxt 语义、边界字符、重叠匹配、复杂度和测试未验证	E1-TEXT	pymupdf.md:p23;matrix.tsv:p23
PT-024	24	24	II 数据结构	二叉树存储与遍历	文本层出现数组存储左右孩子、先/中/后序创建和遍历代码	未登记图片或 text-gap；不等于源页没有图或公式	推断：可作为二叉树遍历模板定位页	空节点标记、idx 生命周期、递归深度、遍历顺序和测试未验证	E1-TEXT	pymupdf.md:p24;matrix.tsv:p24
PT-025	25	25	II 数据结构	二叉树遍历应用	文本层补出四种遍历、输入样例及对应输出注释	未登记图片或 text-gap；不等于源页没有图或公式	推断：可作为遍历结果对照入口	样例与代码一致性、根节点、空树和输出格式未验证	E1-TEXT	pymupdf.md:p25;matrix.tsv:p25
PT-026	26	26	II 数据结构	二叉搜索树插入删除	文本层出现 BST 节点、插入、最小后继和删除代码	未登记图片或 text-gap；不等于源页没有图或公式	推断：可定位 BST 更新模板	重复键策略、空根、删除两子节点、递归深度和测试未验证	E1-TEXT	pymupdf.md:p26;matrix.tsv:p26
PT-027	27	27	II 数据结构	BST 遍历与应用	文本层补出 BST 清空、前/中/后序遍历和交互式删除应用	未登记图片或 text-gap；不等于源页没有图或公式	推断：可作为 BST 操作结果检查页	哨兵 -1、根节点生命周期、输入约束、编译/样例未验证	E1-TEXT	pymupdf.md:p27;matrix.tsv:p27
PT-028	28	28	II 数据结构	Trie 插入与查询	文本层定义 Trie，出现 son/cnt/idx 数组、字符串插入和查询代码开头	未登记图片或 text-gap；不等于源页没有图或公式	推断：可定位前缀树模板入口	字符集、节点容量、重复单词和复杂度未验证	E1-TEXT	pymupdf.md:p28;matrix.tsv:p28
PT-029	29	29	II 数据结构	Trie 应用	文本层补出 Trie 插入/查询完整代码和操作输入循环	未登记图片或 text-gap；不等于源页没有图或公式	推断：可作为字典操作模板定位页	输入终止符、字符范围、idx 初始化、内存和测试未验证	E1-TEXT	pymupdf.md:p29;matrix.tsv:p29
PT-030	30	30	II 数据结构	并查集三种维护方式	文本层列出朴素、维护 size、维护到祖先距离的并查集及 find 代码	未登记图片或 text-gap；不等于源页没有图或公式	推断：可定位连通性、集合大小和带权并查集入口	路径压缩后的权值维护、合并方向、距离定义、复杂度和测试未验证	E1-TEXT	pymupdf.md:p30;matrix.tsv:p30
PT-031	31	31	II 数据结构	并查集应用与堆表示	文本层出现并查集连通性应用、堆数组/映射数组定义和 down/up 开头	未登记图片或 text-gap；不等于源页没有图或公式	推断：可作为并查集到堆模板的过渡定位	堆映射一致性、编号基准、合并策略、复杂度和测试未验证	E1-TEXT	pymupdf.md:p31;matrix.tsv:p31
PT-032	32	32	II 数据结构	堆排序与堆操作	文本层出现 heap_swap、down、up、O(n) 建堆和数组堆排序代码	未登记图片或 text-gap；不等于源页没有图或公式	推断：可定位小根堆/堆排序模板	堆不变量、重复值、删除边界、复杂度和编译测试未验证	E1-TEXT	pymupdf.md:p32;matrix.tsv:p32
PT-033	33	33	II 数据结构	哈希表	文本层出现拉链法、开放寻址法和负数取模处理代码	未登记图片或 text-gap；不等于源页没有图或公式	推断：可作为整数哈希实现的候选入口	冲突率、容量、null 哨兵、负数边界、复杂度和测试未验证	E1-TEXT	pymupdf.md:p33;matrix.tsv:p33
PT-034	34	34	II 数据结构	字符串哈希与 STL 表格	文本层出现字符串多项式哈希、ULL 取模和子串 get 代码	图片/表格缺口：page-034-image-01.png 为 STL 操作/复杂度表，单元格、版面和文字未转录	推断：可定位字符串哈希与 STL 速查入口	表格内容、冲突性质、溢出假设、复杂度和模板测试未验证	E1-GAP	pymupdf.md:p34;matrix.tsv:p34
PT-035	35	35	II 数据结构	STL 容器基础	文本层列出 vector、pair、string、queue、priority_queue、stack、deque 的操作线索	未登记图片或 text-gap；不等于源页没有图或公式	推断：可作为 STL 接口速查定位页	操作复杂度、迭代器失效、版本差异和示例编译未验证	E1-TEXT	pymupdf.md:p35;matrix.tsv:p35
PT-036	36	36	II 数据结构	有序容器、哈希容器与 bitset	文本层列出 deque、set/map、多重容器、unordered 容器和 bitset 操作/复杂度文字	数学/复杂度文字线索存在但无 text-gap；精确表述未独立核验	推断：可作为 STL 选择入口	复杂度文字、容器约束、迭代器行为、版本和测试未验证	E1-TEXT	pymupdf.md:p36;matrix.tsv:p36
PT-037	37	37	III 搜索与图论	树图存储与 DFS	文本层说明树是特殊图、无向边双向存储、邻接矩阵/表和 DFS 框架	数学/复杂度文字线索存在但无 text-gap；图布局未复核	推断：可作为图存储和遍历模板入口	复杂度、邻接表初始化、递归终止和图类型适用条件未验证	E1-TEXT	pymupdf.md:p37;matrix.tsv:p37
PT-038	38	38	III 搜索与图论	数字全排列回溯	文本层出现 used 标记、递归、剪枝/恢复现场及数字全排列代码	图片缺口：page-038-image-01.png 存在；搜索树/图内文字和分支关系未转录	推断：可定位全排列 DFS/回溯模板	图片关系、剪枝完备性、递归深度、复杂度和测试未验证	E1-IMAGE	pymupdf.md:p38;matrix.tsv:p38
PT-039	39	39	III 搜索与图论	树的重心	文本层给出树重心定义和 DFS 统计子树大小、最大连通块的代码	公式/变量缺口：题面中的结点数、边数等变量在文本层为空洞	推断：可定位“删点后最小化最大连通块”的树 DFS 线索	缺失变量、定义的精确版面、递推不变量、复杂度和测试未验证	E1-GAP	pymupdf.md:p39;matrix.tsv:p39
PT-040	40	40	III 搜索与图论	N 皇后回溯	文本层出现棋盘数组、列/两条对角线冲突标记和逐行 DFS	图片缺口：page-040-image-01.png 存在；棋盘/示意图内容未转录	推断：可作为约束回溯模板定位页	图片关系、索引范围、剪枝完备性、复杂度和测试未验证	E1-IMAGE	pymupdf.md:p40;matrix.tsv:p40
PT-041	41	41	III 搜索与图论	图的宽度优先遍历	文本层给出队列、访问标记、按邻接表扩展未访问节点的 BFS 框架	未登记图片或 text-gap；不等于源页没有图或公式	推断：可作为图 BFS 模板入口	连通性、距离层数、队列容量、复杂度和测试未验证	E1-TEXT	pymupdf.md:p41;matrix.tsv:p41
PT-042	42	42	III 搜索与图论	迷宫与八数码 BFS	文本层出现四方向迷宫 BFS、距离数组和字符串状态八数码 BFS	未登记图片或 text-gap；不等于源页没有图或公式	推断：可定位网格/状态空间最短步数模型	状态去重、不可达返回值、边界和状态规模未验证	E1-TEXT	pymupdf.md:p42;matrix.tsv:p42
PT-043	43	43	III 搜索与图论	拓扑排序定义与队列模板	文本层定义删除入度 0 点及边，出现拓扑排序代码开头	未登记图片或 text-gap；不等于源页没有图或公式	推断：可定位 DAG 处理与环检测入口	入度初始化、环判定、输出顺序和复杂度未验证	E1-TEXT	pymupdf.md:p43;matrix.tsv:p43
PT-044	44	44	III 搜索与图论	拓扑排序实现	文本层补出邻接表、入度队列和“所有点入队”判定的两种代码	未登记图片或 text-gap；不等于源页没有图或公式	推断：可作为拓扑排序代码对照页	题目编号约定、重复边、输出条件和测试未验证	E1-TEXT	pymupdf.md:p44;matrix.tsv:p44
PT-045	45	45	III 搜索与图论	朴素 Dijkstra	文本层描述反复选未确定的最短点并松弛邻居，出现朴素版代码	复杂度引导语存在但当前矩阵未登记 text-gap；精确表达式未独立核验	推断：可定位非负权单源最短路模板	非负权前提、不可达点、复杂度、实现边界和测试未验证	E1-TEXT	pymupdf.md:p45;matrix.tsv:p45
PT-046	46	46	III 搜索与图论	邻接表 Dijkstra 应用	文本层出现邻接表、dist/state 和朴素选点/松弛代码的应用版本	未登记图片或 text-gap；不等于源页没有图或公式	推断：可作为 Dijkstra 邻接表实现定位页	负权前提、t=-1、溢出、复杂度和编译/样例未验证	E1-TEXT	pymupdf.md:p46;matrix.tsv:p46
PT-047	47	47	III 搜索与图论	堆优化 Dijkstra	文本层出现 priority_queue 小根堆、st 去重和松弛代码	公式/复杂度缺口：页标题“时间复杂度”后表达式未进入文本层	推断：可定位稀疏图 Dijkstra 候选模板	复杂度表达式、非负权、懒删除、溢出和测试未验证	E1-GAP	pymupdf.md:p47;matrix.tsv:p47
PT-048	48	48	III 搜索与图论	Bellman-Ford	文本层出现 Bellman-Ford 动态规划说明、备份数组和按边松弛代码	图片/公式缺口：page-048-image-01.png 草稿图未转录；复杂度表达式也有 text-gap	推断：可定位限定边数/负权最短路模板	草稿箭头、复杂度、备份数组必要性、负环边界和测试未验证	E1-GAP	pymupdf.md:p48;matrix.tsv:p48
PT-049	49	49	III 搜索与图论	Bellman-Ford 迭代解释与 SPFA 引入	文本层解释 k 次迭代对应最多 k 条边并引出 SPFA，含复杂度文字线索	公式/复杂度缺口：平均/最坏复杂度表达式和变量在文本层为空洞	推断：可作为 Bellman-Ford 到队列优化的衔接页	复杂度结论、负环语义、迭代边界和 SPFA 适用性未验证	E1-GAP	pymupdf.md:p49;matrix.tsv:p49
PT-050	50	50	III 搜索与图论	SPFA 核心与模板	文本层列出只处理发生变化节点、队列和邻边松弛步骤，并给出代码	未登记图片或 text-gap；不等于源页没有图或公式	推断：可定位 SPFA 队列实现入口	负环处理、复杂度、队列去重、不可达和测试未验证	E1-TEXT	pymupdf.md:p50;matrix.tsv:p50
PT-051	51	51	III 搜索与图论	SPFA 应用	文本层出现邻接表、距离更新、队列状态和单源最短路应用代码	未登记图片或 text-gap；不等于源页没有图或公式	推断：可作为 SPFA 代码定位页	st 初始化、不可达返回值、负环、最坏复杂度和测试未验证	E1-TEXT	pymupdf.md:p51;matrix.tsv:p51
PT-052	52	52	III 搜索与图论	SPFA 负环检测	文本层出现 cnt 路径点数、全点入队和 cnt>=n 判负环的代码	未登记图片或 text-gap；不等于源页没有图或公式	推断：可定位 SPFA 负环检测变体	计数定义、初始化、可达/不可达负环范围、复杂度和测试未验证	E1-TEXT	pymupdf.md:p52;matrix.tsv:p52
PT-053	53	53	III 搜索与图论	Floyd 全源最短路	文本层说明 Floyd 的动态规划本质、三重循环和 d[i][j] 更新	公式/复杂度缺口：复杂度表达式在文本层为空洞	推断：可定位全源最短路模板	中转点不变量、负环处理、INF 溢出、复杂度和测试未验证	E1-GAP	pymupdf.md:p53;matrix.tsv:p53
PT-054	54	54	III 搜索与图论	最短路算法总结与 Prim 引入	文本层总结单源/多源最短路和 Dijkstra、Bellman-Ford、SPFA、Floyd 线索，并引出 MST	复杂度文字线索存在但无 text-gap；精确表达式和图示未独立核验	推断：可作为最短路算法选择索引	适用条件、复杂度、负权/稠密稀疏边界和模板测试未验证	E1-TEXT	pymupdf.md:p54;matrix.tsv:p54
PT-055	55	55	III 搜索与图论	Prim 朴素/堆优化	文本层出现 Prim 朴素版、稠密/稀疏场景文字和堆优化代码	公式/复杂度缺口：稀疏图复杂度表达式未进入文本层	推断：可定位两种 Prim 实现的场景对照	复杂度、连通性返回值、堆 stale 项、边权范围和测试未验证	E1-GAP	pymupdf.md:p55;matrix.tsv:p55
PT-056	56	56	III 搜索与图论	Prim 堆优化续	文本层出现堆取点、st 跳过、更新相邻点和不连通检查	未登记图片或 text-gap；不等于源页没有图或公式	推断：可作为 Prim 堆实现的续页定位	dist 语义、起点、孤立点检测、复杂度和编译测试未验证	E1-TEXT	pymupdf.md:p56;matrix.tsv:p56
PT-057	57	57	III 搜索与图论	Prim 主程序与无向边存储	文本层补出 Prim 主循环、双向存边和不连通输出	未登记图片或 text-gap；不等于源页没有图或公式	推断：可定位完整 Prim 应用模板	重复边、INF、边数容量、结果类型和样例未验证	E1-TEXT	pymupdf.md:p57;matrix.tsv:p57
PT-058	58	58	III 搜索与图论	Kruskal	文本层出现按边权排序、并查集合并和计数判断的 Kruskal 代码	公式/复杂度缺口：复杂度表达式在文本层为空洞	推断：可定位基于边排序的 MST 模板	复杂度、并查集策略、负权/重复边、连通性和测试未验证	E1-GAP	pymupdf.md:p58;matrix.tsv:p58
PT-059	59	59	III 搜索与图论	Kruskal 应用	文本层补出 Kruskal 完整实现、cnt<n-1 返回 INF 及主程序	未登记图片或 text-gap；不等于源页没有图或公式	推断：可作为 Kruskal 代码定位页	INF 与题面、编号、重复边、整数范围和测试未验证	E1-TEXT	pymupdf.md:p59;matrix.tsv:p59
PT-060	60	60	III 搜索与图论	二分图定义与染色法	文本层定义二分图两侧无内部边，并引出染色法判定	图片/图示缺口：页面提到“下图”，图示未进入 Markdown 资产链接	推断：可作为二分图判定主题入口	图示关系、定义边界、非连通图处理、复杂度和测试未验证	E1-TEXT	pymupdf.md:p60;matrix.tsv:p60
PT-061	61	61	III 搜索与图论	二分图染色代码	文本层出现 DFS 二染色和复杂度标题，代码可定位	图片/公式缺口：page-061-image-01.png 图示未转录；复杂度表达式有 text-gap	推断：可定位二分图染色模板	图示、复杂度、颜色哨兵、非连通/自环边界和测试未验证	E1-GAP	pymupdf.md:p61;matrix.tsv:p61
PT-062	62	62	III 搜索与图论	二分图染色应用	文本层补出无向边建图、逐连通块染色和 Yes/No 输出	未登记图片或 text-gap；不等于源页没有图或公式	推断：可作为二分图判定应用模板	颜色初始化、重复边、自环、递归深度和测试未验证	E1-TEXT	pymupdf.md:p62;matrix.tsv:p62
PT-063	63	63	III 搜索与图论	匹配概念与匈牙利算法	文本层定义匹配、最大/完美匹配、交替路、增广路，并引出匈牙利算法	复杂度文字线索存在但无 text-gap；精确复杂度未独立核验	推断：可作为二分图匹配概念索引	定义与图示、复杂度、匹配方向和增广不变量未验证	E1-TEXT	pymupdf.md:p63;matrix.tsv:p63
PT-064	64	64	III 搜索与图论	匈牙利最大匹配	文本层出现 match、st、递归寻找增广路和最大匹配计数代码	未登记图片或 text-gap；不等于源页没有图或公式	推断：可定位二分图最大匹配模板	集合编号、访问标记轮次、复杂度、递归深度和测试未验证	E1-TEXT	pymupdf.md:p64;matrix.tsv:p64
PT-065	65	65	IV 数学知识	数学章节入口与匹配代码续	文本层补完匈牙利主程序并出现数学知识章节及 OI Wiki 链接	复杂度/公式线索存在但无 text-gap；外部链接内容未纳入本域证据	推断：可作为数学主题回源入口	外部材料、公式、匹配代码正确性、复杂度和测试未验证	E1-TEXT	pymupdf.md:p65;matrix.tsv:p65
PT-066	66	66	IV 数学知识	质数判定、质因数分解与筛法	文本层出现试除法判质数/分解、埃氏筛和线性筛代码	未登记图片或 text-gap；不等于源页没有图或公式	推断：可作为质数基础模板索引	x/i 溢出边界、筛数组初始化、复杂度和测试未验证	E1-TEXT	pymupdf.md:p66;matrix.tsv:p66
PT-067	67	67	IV 数学知识	约数枚举与约数个数定理	文本层出现线性筛续、试除法枚举约数和约数个数主题	图片/公式缺口：page-067-image-01.png 承载约数公式/推导，图片文字未转录	推断：可定位约数计数公式回源页	公式上下标、推导链、重复约数边界、复杂度和测试未验证	E1-GAP	pymupdf.md:p67;matrix.tsv:p67
PT-068	68	68	IV 数学知识	约数之和与质因子计数	文本层出现按质因子次数计算约数个数/约数和的代码	图片/公式缺口：page-068-image-01.png 承载约数和公式/推导，图片文字未转录	推断：可定位约数和模板候选	公式、模数、剩余质因子、溢出和测试未验证	E1-GAP	pymupdf.md:p68;matrix.tsv:p68
PT-069	69	69	IV 数学知识	约数公式与 GCD	文本层出现“代码第26行解释”、约数个数/和公式标题和欧几里得算法	图片/公式缺口：page-069-image-01.png 中公式/解释未转录	推断：可作为约数公式到最大公约数的回源清单	图片公式、递归边界、负数、类型范围和测试未验证	E1-GAP	pymupdf.md:p69;matrix.tsv:p69
PT-070	70	70	IV 数学知识	欧拉函数定义与容斥推导	文本层出现互质、欧拉函数、质因子倍数与容斥步骤，但多个变量公式为空洞	公式/变量缺口：定义、质因子分解和容斥等式未进入文本层	推断：可定位欧拉函数证明链的回源页	变量含义、公式上下标、容斥推导、lcm/phi 边界和测试未验证	E1-GAP	pymupdf.md:p70;matrix.tsv:p70
PT-071	71	71	IV 数学知识	欧拉函数公式与线性筛	文本层出现容斥奇偶项说明、phi(x) 和线性筛欧拉函数代码	公式/变量缺口：等价变形公式和证明内容有空洞	推断：可定位欧拉函数单值/筛法模板	公式等价性、筛法不变量、初始化、复杂度和测试未验证	E1-GAP	pymupdf.md:p71;matrix.tsv:p71
PT-072	72	72	IV 数学知识	快速幂与扩展欧几里得	文本层出现 qmi、exgcd、模逆相关文字和代码	公式/证明线索存在但无 text-gap；链接内容未作为独立证据	推断：可作为模运算工具箱入口	模数/负数/递归深度、溢出、复杂度和测试未验证	E1-TEXT	pymupdf.md:p72;matrix.tsv:p72
PT-073	73	73	IV 数学知识	中国剩余定理与扩展 CRT	文本层出现 CRT/EXCRT 链接、exgcd、模积和合并代码	图片/公式缺口：page-073-image-01.png 承载 CRT 讲解/公式，未转录	推断：可定位同余方程组模板候选	互质条件、不可解分支、模积溢出、公式和测试未验证	E1-GAP	pymupdf.md:p73;matrix.tsv:p73
PT-074	74	74	IV 数学知识	高斯消元引入与 EXCRT 续	文本层出现高斯消元标题、方程组说明和 EXCRT 合并代码续写	图片/公式缺口：page-074-image-01.png 的方程组/版面未转录	推断：可作为 EXCRT 到线性方程组的回源定位页	方程组内容、EXCRT 边界、类型范围和测试未验证	E1-GAP	pymupdf.md:p74;matrix.tsv:p74
PT-075	75	75	IV 数学知识	高斯消元模板	文本层出现主元选取、行交换、消元、无解/多解/唯一解返回代码	公式/变量缺口：页中讲解/方程变量部分在文本层有空洞	推断：可定位浮点高斯消元模板	eps、主元策略、数值稳定性、返回语义、复杂度和测试未验证	E1-GAP	pymupdf.md:p75;matrix.tsv:p75
PT-076	76	76	IV 数学知识	高斯消元实现细节	文本层出现 eps、增广矩阵、逆序归一化和回代注释	公式/复杂度线索存在但无 text-gap；精确数值结论未独立核验	推断：可作为高斯消元代码细节对照页	eps 选择、浮点误差、数组维度、复杂度和测试未验证	E1-TEXT	pymupdf.md:p76;matrix.tsv:p76
PT-077	77	77	IV 数学知识	组合数与递推法	文本层出现组合数、递推法标题及杨辉三角代码续写	图片/公式缺口：page-077-image-01.png 的组合记号/讲解未转录	推断：可定位组合数基础方法	组合定义、边界、模数、复杂度和测试未验证	E1-GAP	pymupdf.md:p77;matrix.tsv:p77
PT-078	78	78	IV 数学知识	杨辉三角与逆元组合数	文本层说明两侧为 1、内项求和并出现阶乘/逆元预处理代码	图片/公式缺口：page-078-image-01.png 承载杨辉三角/公式内容，未转录	推断：可定位预处理逆元组合数模板	质数模条件、逆元边界、数组越界、复杂度和测试未验证	E1-GAP	pymupdf.md:p78;matrix.tsv:p78
PT-079	79	79	IV 数学知识	Lucas 定理与预处理组合数	文本层出现阶乘、逆阶乘、快速幂和 Lucas 定理代码开头	公式线索存在但无 text-gap；定理证明和条件未纳入文本证据	推断：可作为模质数下组合数入口	模数为质数、a/b 范围、循环上界、复杂度和测试未验证	E1-TEXT	pymupdf.md:p79;matrix.tsv:p79
PT-080	80	80	IV 数学知识	Lucas 递归实现	文本层出现 C(a,b,p)、qmi 和 lucas 递归代码	未登记图片或 text-gap；不等于源页没有图或公式	推断：可定位 Lucas 递归模板	递归终止、模逆条件、整数类型、复杂度和测试未验证	E1-TEXT	pymupdf.md:p80;matrix.tsv:p80
PT-081	81	81	IV 数学知识	Lucas 续与组合数质因数法	文本层补出 Lucas 边界、组合数循环并说明用质因数求真实值的步骤	未登记图片或 text-gap；不等于源页没有图或公式	推断：可作为模组合与精确组合数分流入口	b>a、质因子次数、精确值规模、复杂度和测试未验证	E1-TEXT	pymupdf.md:p81;matrix.tsv:p81
PT-082	82	82	IV 数学知识	质因数法组合数代码	文本层出现筛质数、求 n! 中质因子次数和高精度乘法代码	未登记图片或 text-gap；不等于源页没有图或公式	推断：可定位精确组合数的候选实现	次数公式、负次数、质数筛边界、高精度性能和测试未验证	E1-TEXT	pymupdf.md:p82;matrix.tsv:p82
PT-083	83	83	IV 数学知识	线性筛与组合数乘法续	文本层出现线性筛、Legendre 次数计算和高精度乘低精度代码	未登记图片或 text-gap；不等于源页没有图或公式	推断：可作为质因数法组合数实现续页	大数位数、进位、筛法不变量、复杂度和测试未验证	E1-TEXT	pymupdf.md:p83;matrix.tsv:p83
PT-084	84	84	IV 数学知识	精确组合数与容斥应用	文本层出现组合数质因子乘法完整代码并引出容斥原理应用题	公式/组合线索存在但无 text-gap；题意公式未独立核验	推断：可定位精确组合数到容斥题的衔接页	集合条件、容斥边界、输出规模、复杂度和测试未验证	E1-TEXT	pymupdf.md:p84;matrix.tsv:p84
PT-085	85	85	IV 数学知识	容斥原理与 Nim 引入	文本层出现枚举质数集合乘积的容斥代码，并引出必胜/必败态和 Nim	公式/博弈线索存在但无 text-gap；定理/异或结论未独立核验	推断：可作为容斥到组合博弈的主题转折页	容斥符号、集合边界、博弈定理、溢出和测试未验证	E1-TEXT	pymupdf.md:p85;matrix.tsv:p85
PT-086	86	86	IV 数学知识	Nim 与台阶 Nim	文本层列出必胜/必败态结论并给出普通 Nim 异或、台阶 Nim 奇数层代码	公式/变量缺口：必胜/必败条件中的公式及图文内容有空洞	推断：可定位 Nim 状态结论和台阶变体	缺失公式、证明、先后手边界、异或代码正确性和测试未验证	E1-GAP	pymupdf.md:p86;matrix.tsv:p86
PT-087	87	87	IV 数学知识	台阶 Nim 与集合 Nim SG	文本层出现奇数台阶结论、集合 Nim、sg 递归和 mex 代码	公式/变量缺口：台阶 Nim 结论中的条件在文本层为空洞	推断：可作为 SG 函数与博弈模板回源入口	结论公式、mex 状态、递归缓存、复杂度和测试未验证	E1-GAP	pymupdf.md:p87;matrix.tsv:p87
PT-088	88	88	V 动态规划	SG 续与背包分类	文本层补出 SG 结论，说明 DP 最优子结构/无后效性/重复子问题和四类背包	图片缺口：page-088-image-01.jpeg 为 DP 分类图，分类关系/图中文字未转录	推断：可作为动态规划和背包分类入口	分类图、状态定义、转移、复杂度和模板测试未验证	E1-GAP	pymupdf.md:p88;matrix.tsv:p88
PT-089	89	89	V 动态规划	01 背包二维状态	文本层说明每件物品只能装一次并出现 v/w/f 二维 DP 代码开头	图片缺口：page-089-image-01.png、page-089-image-02.png 的 01 背包状态图/表未转录	推断：可定位二维 01 背包模板	图片状态关系、初始化、容量边界、复杂度和测试未验证	E1-GAP	pymupdf.md:p89;matrix.tsv:p89
PT-090	90	90	V 动态规划	01 背包滚动数组与完全背包	文本层给出倒序滚动数组转移并引出完全背包和正序遍历代码	公式/转移线索存在但无 text-gap；转移正确性未独立验证	推断：可作为循环方向对照学习入口	状态定义、循环方向、初始化、复杂度和测试未验证	E1-TEXT	pymupdf.md:p90;matrix.tsv:p90
PT-091	91	91	V 动态规划	完全背包与多重背包	文本层说明完全背包循环方向、多重背包转移和二进制优化思路	公式/转移线索存在但无 text-gap；精确边界未独立验证	推断：可定位背包优化分流	循环依赖、二进制拆分、容量/数量边界、复杂度和测试未验证	E1-TEXT	pymupdf.md:p91;matrix.tsv:p91
PT-092	92	92	V 动态规划	多重背包二进制优化与分组背包	文本层补出二进制拆分代码并说明分组背包每组只能选一件	未登记图片或 text-gap；不等于源页没有图或公式	推断：可作为多重到分组背包的定位页	拆分剩余量、分组互斥、循环方向、复杂度和测试未验证	E1-TEXT	pymupdf.md:p92;matrix.tsv:p92
PT-093	93	93	V 动态规划	分组背包与数字三角形	文本层出现分组背包转移式/代码并引出线性 DP 数字三角形	图片/公式缺口：page-093-image-01.png 的数字三角形状态图/公式未转录	推断：可定位分组背包到线性 DP 的过渡页	图片状态、转移边界、负值初始化、复杂度和测试未验证	E1-GAP	pymupdf.md:p93;matrix.tsv:p93
PT-094	94	94	V 动态规划	数字三角形与 LIS	文本层出现三角形 DP 递推以及 O(n^2) LIS 代码	公式/转移线索存在但无 text-gap；精确递推和边界未独立验证	推断：可作为线性 DP 模板入口	三角形边界、LIS 严格性、初始化、复杂度和测试未验证	E1-TEXT	pymupdf.md:p94;matrix.tsv:p94
PT-095	95	95	V 动态规划	LIS 二分优化与 LCS	文本层出现 tails/二分更新 LIS 和 LCS 标题/代码开头	未登记图片或 text-gap；不等于源页没有图或公式	推断：可定位序列 DP 与二分优化对照	tails 不变量、严格/非严格 LIS、LCS 状态和复杂度未验证	E1-TEXT	pymupdf.md:p95;matrix.tsv:p95
PT-096	96	96	V 动态规划	编辑距离	文本层定义删除/插入/替换并出现编辑距离状态转移代码续写	图片/公式缺口：page-096-image-01.png 的编辑距离图/状态关系未转录	推断：可定位字符串 DP 的编辑距离模板	图片状态、初始化、操作代价、复杂度和测试未验证	E1-GAP	pymupdf.md:p96;matrix.tsv:p96
PT-097	97	97	V 动态规划	区间 DP 石子合并	文本层说明相邻石堆合并和代价，并引出区间 DP 状态转移	图片/公式缺口：page-097-image-01.png 的区间状态图/说明未转录	推断：可作为区间 DP 回源定位页	区间定义、枚举顺序、前缀和、复杂度和测试未验证	E1-GAP	pymupdf.md:p97;matrix.tsv:p97
PT-098	98	98	V 动态规划	区间 DP 实现与整数划分	文本层出现 f[l][r] 最小代价代码、前缀和和整数划分完全背包写法	公式/转移线索存在但无 text-gap；实现正确性未独立验证	推断：可定位区间 DP 到计数 DP 的衔接	区间初始化、分割点、计数去重、模数和测试未验证	E1-TEXT	pymupdf.md:p98;matrix.tsv:p98
PT-099	99	99	V 动态规划	整数划分与数位统计 DP	文本层出现整数划分转移、数位统计题目和 count/power10 代码开头	图片/公式缺口：page-099-image-01.png 的数位 DP 分类图/状态说明未转录	推断：可作为计数 DP 到数位 DP 的定位页	分类覆盖、前导零、状态边界、复杂度和测试未验证	E1-GAP	pymupdf.md:p99;matrix.tsv:p99
PT-100	100	100	V 动态规划	数位 DP 与状态压缩 DP	文本层补出数位统计按位分类并引出蒙德里安梦想和状态压缩 DP	未登记图片或 text-gap；不等于源页没有图或公式	推断：可定位数位/状态压缩 DP 过渡	前导零处理、状态合法性、位掩码规模、复杂度和测试未验证	E1-TEXT	pymupdf.md:p100;matrix.tsv:p100
PT-101	101	101	V 动态规划	状态压缩 DP 与 Hamilton 路径	文本层出现列状态合法性、兼容状态和 Hamilton 状态定义/代码	公式/变量缺口：状态转移方程标题后的数学表达式有空洞	推断：可定位状态压缩到 Hamilton DP 的模板入口	缺失公式、状态兼容条件、初始化、复杂度和测试未验证	E1-GAP	pymupdf.md:p101;matrix.tsv:p101
PT-102	102	102	V 动态规划	Hamilton DP 与树形 DP	文本层补出 Hamilton 最短路径转移并引出没有上司的舞会树形 DP	公式/变量缺口：Hamilton 转移文字与版面存在变量空洞	推断：可定位集合状态 DP 到树形 DP 的过渡页	缺失变量、子树状态语义、根处理、复杂度和测试未验证	E1-GAP	pymupdf.md:p102;matrix.tsv:p102
PT-103	103	103	V 动态规划	树形 DP 与记忆化搜索	文本层出现树形 DP 两状态转移、根选取和滑雪记忆化搜索代码	公式/变量缺口：状态转移方程标题及滑雪状态关系有空洞	推断：可定位树形 DP/记忆化搜索模板	缺失状态说明、递归依赖、边界、复杂度和测试未验证	E1-GAP	pymupdf.md:p103;matrix.tsv:p103
PT-104	104	104	VI 贪心	记忆化搜索续与贪心定义	文本层补出滑雪 dp(a,b)+1 递推，并给出贪心“局部到全局”定义	复杂度/转移线索存在但无 text-gap；定义引用未作外部核验	推断：可作为 DP 到贪心章节的过渡入口	记忆化状态、递归方向、贪心可证性、复杂度和测试未验证	E1-TEXT	pymupdf.md:p104;matrix.tsv:p104
PT-105	105	105	VI 贪心	区间选点	文本层定义闭区间至少选一点并出现按右端点排序的代码	图片/公式缺口：page-105-image-01.png 的区间示意图未转录；区间题变量有 text-gap	推断：可定位右端点贪心候选模板	闭区间端点、示意图关系、最优性证明、复杂度和测试未验证	E1-GAP	pymupdf.md:p105;matrix.tsv:p105
PT-106	106	106	VI 贪心	最大不相交区间	文本层定义不含端点相交的区间选择，并写出与最少覆盖点数的等价说明	公式/变量缺口：题面区间变量和精确关系有 text-gap	推断：可定位区间选点与不相交区间的对偶线索	等价命题证明、端点严格性、变量和复杂度未验证	E1-GAP	pymupdf.md:p106;matrix.tsv:p106
PT-107	107	107	VI 贪心	区间分组	文本层出现按左端点排序、小根堆维护组右端点和分组代码	图片缺口：page-107-image-01.png 的分组步骤图未转录	推断：可作为区间分组贪心模板定位页	堆顶比较方向、端点相交规则、最优性、复杂度和测试未验证	E1-IMAGE	pymupdf.md:p107;matrix.tsv:p107
PT-108	108	108	VI 贪心	Huffman 树与合并果子	文本层描述每次合并两堆、总代价并给出小根堆代码	未登记图片或 text-gap；不等于源页没有图或公式	推断：可定位 Huffman/优先队列贪心模板	最优性证明、整数溢出、堆边界、复杂度和测试未验证	E1-TEXT	pymupdf.md:p108;matrix.tsv:p108
PT-109	109	109	VII 杂项	排序不等式与排队打水	文本层说明按时间排序并出现等待时间累加代码，同时引出 AC 自动机	公式/变量缺口：人数、水龙头数、时间变量和等待总和公式在文本层有空洞	推断：可定位排序不等式/排队模板，AC 自动机从本页开始	缺失公式、并行水龙头模型、排序适用条件、复杂度和测试未验证	E1-GAP	pymupdf.md:p109;matrix.tsv:p109
PT-110	110	110	VII 杂项	AC 自动机构建	文本层出现 Trie 插入、BFS 构建 fail 指针、转移补全和计数累加代码	未登记图片或 text-gap；不等于源页没有图或公式	推断：可定位 AC 自动机 build 模板	fail 定义、重复模式计数、根转移、数组容量和测试未验证	E1-TEXT	pymupdf.md:p110;matrix.tsv:p110
PT-111	111	111	VII 杂项	AC 自动机匹配	文本层补出多模式匹配、沿 fail 链累加并清零计数的代码	未登记图片或 text-gap；不等于源页没有图或公式	推断：可作为 AC 查询实现定位页	计数去重策略、fail 链终止、状态清理、复杂度和测试未验证	E1-TEXT	pymupdf.md:p111;matrix.tsv:p111
PT-112	112	112	VII 杂项	树状数组基础	文本层补出 AC 代码收尾并引出 Fenwick lowbit、单点更新、前缀查询	未登记图片或 text-gap；不等于源页没有图或公式	推断：可定位树状数组基础模板	下标从 1、lowbit、范围查询转换、复杂度和测试未验证	E1-TEXT	pymupdf.md:p112;matrix.tsv:p112
PT-113	113	113	VII 杂项	树状数组统计楼兰图腾	文本层出现 Lower/Greater、左右扫描和树状数组统计乘积代码	未登记图片或 text-gap；不等于源页没有图或公式	推断：可定位树状数组与逆序关系统计题	重复值处理、坐标范围、乘积溢出、复杂度和测试未验证	E1-TEXT	pymupdf.md:p113;matrix.tsv:p113
PT-114	114	114	VII 杂项	线段树模板与懒标记	文本层出现 Node、build、pushup/pushdown、update/query 以及 TODO 占位	未登记图片或 text-gap；不等于源页没有图或公式	推断：可作为线段树结构模板定位页	维护信息、懒标记语义、区间边界、TODO 部分和测试未验证	E1-TEXT	pymupdf.md:p114;matrix.tsv:p114
PT-115	115	115	VII 杂项	线段树区间查询续	文本层补出 update/query 分治并引出维护最大值的线段树实现	未登记图片或 text-gap；不等于源页没有图或公式	推断：可定位区间修改/查询的实现过渡	pushdown、返回值、区间覆盖、组合运算和测试未验证	E1-TEXT	pymupdf.md:p115;matrix.tsv:p115
PT-116	116	116	VII 杂项	线段树单点修改与区间最大值	文本层给出 query、modify、pushup 及滚动输入应用代码	未登记图片或 text-gap；不等于源页没有图或公式	推断：可作为区间最大值线段树模板定位页	初始化、边界区间、懒标记/单点语义、复杂度和测试未验证	E1-TEXT	pymupdf.md:p116;matrix.tsv:p116
PT-117	117	117	VII 杂项	倍增 LCA 预处理	文本层出现 LCA 链接、BFS 深度、fa[j][k] 倍增祖先预处理代码	未登记图片或 text-gap；不等于源页没有图或公式	推断：可定位树上倍增预处理模板	根/哨兵、倍增层数、树是否连通、复杂度和测试未验证	E1-TEXT	pymupdf.md:p117;matrix.tsv:p117
PT-118	118	118	VII 杂项	LCA 查询	文本层出现深度对齐、从高位向下跳和返回最近公共祖先的代码	未登记图片或 text-gap；不等于源页没有图或公式	推断：可作为 LCA 查询模板定位页	祖先边界、fa[0]、层数上限、复杂度和测试未验证	E1-TEXT	pymupdf.md:p118;matrix.tsv:p118
PT-119	119	119	VII 杂项	LCA 应用与输入输出	文本层补出 BFS 建表、LCA 查询和祖孙关系输出应用	未登记图片或 text-gap；不等于源页没有图或公式	推断：可定位 LCA 应用题模板	输入根标记、编号、深度哨兵、递归/迭代边界和测试未验证	E1-TEXT	pymupdf.md:p119;matrix.tsv:p119
PT-120	120	120	附录/说明	数据范围反推复杂度	文本层出现题单、时间限制和按数据范围选择 DFS/DP/图算法/数据结构的列表	公式/变量缺口：复杂度数量级和范围表达式在文本层有空洞，且页面向量对象偏多	推断：可作为复习选择索引，不是独立算法证明	复杂度表精确值、适用条件、公式版面和所有推荐均未验证	E1-GAP	pymupdf.md:p120;matrix.tsv:p120
PT-121	121	121	附录/说明	来源说明与高精度/FFT 线索	文本层说明资料来源/整理性质，并出现高精度、FFT/NTT 与位数线索	公式/变量缺口：末尾复杂度/位数表达式在文本层有空洞	推断：可作为来源边界和后续复核提示	来源外部事实、复杂度表达式、FFT/NTT 细节和代码均未验证	E1-GAP	pymupdf.md:p121;matrix.tsv:p121
