record_file	record_id	title	unit_type	track	module	mastery	review_flag	last_studied	source_value	source_target	source_exists
工作台/条目记录/150题-001.md	150-001	第1题：static 关键字有哪些作用？	八股题	150题	C/C++	学过	待回看	order: 1	[[projects/嵌入式八股/嵌入式高频八股150题.md#第1题：static 关键字有哪些作用？]]	projects/嵌入式八股/嵌入式高频八股150题.md	yes
工作台/条目记录/150题-002.md	150-002	第2题：const 关键字有什么作用？	八股题	150题	C/C++	学过	待回看	order: 2	[[projects/嵌入式八股/嵌入式高频八股150题.md#第2题：const 关键字有什么作用？]]	projects/嵌入式八股/嵌入式高频八股150题.md	yes
工作台/条目记录/150题-003.md	150-003	第3题：volatile 关键字在嵌入式开发中有什么作用？	八股题	150题	C/C++	学过	待回看	order: 3	[[projects/嵌入式八股/嵌入式高频八股150题.md#第3题：volatile 关键字在嵌入式开发中有什么作用？]]	projects/嵌入式八股/嵌入式高频八股150题.md	yes
工作台/条目记录/150题-004.md	150-004	第4题：extern 关键字有什么作用？	八股题	150题	C/C++	学过	待回看	order: 4	[[projects/嵌入式八股/嵌入式高频八股150题.md#第4题：extern 关键字有什么作用？]]	projects/嵌入式八股/嵌入式高频八股150题.md	yes
工作台/条目记录/150题-005.md	150-005	第5题：指针和数组有什么区别？	八股题	150题	C/C++	学过	待回看	order: 5	[[projects/嵌入式八股/嵌入式高频八股150题.md#第5题：指针和数组有什么区别？]]	projects/嵌入式八股/嵌入式高频八股150题.md	yes
工作台/条目记录/150题-006.md	150-006	第6题：指针和引用有什么区别？	八股题	150题	C/C++	学过	待回看	order: 6	[[projects/嵌入式八股/嵌入式高频八股150题.md#第6题：指针和引用有什么区别？]]	projects/嵌入式八股/嵌入式高频八股150题.md	yes
工作台/条目记录/150题-007.md	150-007	第7题：sizeof 和 strlen 有什么区别？	八股题	150题	C/C++	学过	待回看	order: 7	[[projects/嵌入式八股/嵌入式高频八股150题.md#第7题：sizeof 和 strlen 有什么区别？]]	projects/嵌入式八股/嵌入式高频八股150题.md	yes
工作台/条目记录/150题-008.md	150-008	第8题：堆和栈有什么区别？	八股题	150题	C/C++	学过	待回看	order: 8	[[projects/嵌入式八股/嵌入式高频八股150题.md#第8题：堆和栈有什么区别？]]	projects/嵌入式八股/嵌入式高频八股150题.md	yes
工作台/条目记录/150题-009.md	150-009	第9题：全局变量、局部变量和静态变量分别存放在哪里？	八股题	150题	C/C++	学过	待回看	order: 9	[[projects/嵌入式八股/嵌入式高频八股150题.md#第9题：全局变量、局部变量和静态变量分别存放在哪里？]]	projects/嵌入式八股/嵌入式高频八股150题.md	yes
工作台/条目记录/150题-010.md	150-010	第10题：malloc/free 和 new/delete 有什么区别？	八股题	150题	C/C++	学过	待回看	order: 10	[[projects/嵌入式八股/嵌入式高频八股150题.md#第10题：malloc/free 和 new/delete 有什么区别？]]	projects/嵌入式八股/嵌入式高频八股150题.md	yes
工作台/条目记录/150题-011.md	150-011	第11题：delete 和 delete[] 有什么区别？	八股题	150题	C/C++	学过	待回看	order: 11	[[projects/嵌入式八股/嵌入式高频八股150题.md#第11题：delete 和 delete[] 有什么区别？]]	projects/嵌入式八股/嵌入式高频八股150题.md	yes
工作台/条目记录/150题-012.md	150-012	第12题：什么是内存泄漏？如何避免？	八股题	150题	C/C++	学过	待回看	order: 12	[[projects/嵌入式八股/嵌入式高频八股150题.md#第12题：什么是内存泄漏？如何避免？]]	projects/嵌入式八股/嵌入式高频八股150题.md	yes
工作台/条目记录/150题-013.md	150-013	第13题：栈溢出是什么？如何避免？	八股题	150题	C/C++	学过	待回看	order: 13	[[projects/嵌入式八股/嵌入式高频八股150题.md#第13题：栈溢出是什么？如何避免？]]	projects/嵌入式八股/嵌入式高频八股150题.md	yes
工作台/条目记录/150题-014.md	150-014	第14题：段错误是什么？常见原因有哪些？	八股题	150题	C/C++	学过	待回看	order: 14	[[projects/嵌入式八股/嵌入式高频八股150题.md#第14题：段错误是什么？常见原因有哪些？]]	projects/嵌入式八股/嵌入式高频八股150题.md	yes
工作台/条目记录/150题-015.md	150-015	第15题：大端和小端是什么？如何判断？	八股题	150题	C/C++	学过	待回看	order: 15	[[projects/嵌入式八股/嵌入式高频八股150题.md#第15题：大端和小端是什么？如何判断？]]	projects/嵌入式八股/嵌入式高频八股150题.md	yes
工作台/条目记录/150题-016.md	150-016	第16题：内存对齐是什么？为什么要内存对齐？	八股题	150题	C/C++	学过	待回看	order: 16	[[projects/嵌入式八股/嵌入式高频八股150题.md#第16题：内存对齐是什么？为什么要内存对齐？]]	projects/嵌入式八股/嵌入式高频八股150题.md	yes
工作台/条目记录/150题-017.md	150-017	第17题：#define 和 typedef 有什么区别？	八股题	150题	C/C++	学过	待回看	order: 17	[[projects/嵌入式八股/嵌入式高频八股150题.md#第17题：#define 和 typedef 有什么区别？]]	projects/嵌入式八股/嵌入式高频八股150题.md	yes
工作台/条目记录/150题-018.md	150-018	第18题：宏定义和 inline 函数有什么区别？	八股题	150题	C/C++	学过	待回看	order: 18	[[projects/嵌入式八股/嵌入式高频八股150题.md#第18题：宏定义和 inline 函数有什么区别？]]	projects/嵌入式八股/嵌入式高频八股150题.md	yes
工作台/条目记录/150题-019.md	150-019	第19题：条件编译有什么作用？	八股题	150题	C/C++	学过	待回看	order: 19	[[projects/嵌入式八股/嵌入式高频八股150题.md#第19题：条件编译有什么作用？]]	projects/嵌入式八股/嵌入式高频八股150题.md	yes
工作台/条目记录/150题-020.md	150-020	第20题：为什么嵌入式系统中通常不建议频繁使用动态内存？	八股题	150题	C/C++	学过	待回看	order: 20	[[projects/嵌入式八股/嵌入式高频八股150题.md#第20题：为什么嵌入式系统中通常不建议频繁使用动态内存？]]	projects/嵌入式八股/嵌入式高频八股150题.md	yes
工作台/条目记录/150题-021.md	150-021	第21题：什么是可重入函数？	八股题	150题	C/C++	学过	待回看	order: 21	[[projects/嵌入式八股/嵌入式高频八股150题.md#第21题：什么是可重入函数？]]	projects/嵌入式八股/嵌入式高频八股150题.md	yes
工作台/条目记录/150题-022.md	150-022	第22题：const int *p、int * const p 和 const int * const p 有什么区别？	八股题	150题	C/C++	学过	待回看	order: 22	[[projects/嵌入式八股/嵌入式高频八股150题.md#第22题：const int *p、int * const p 和 const int * const p 有什么区别？]]	projects/嵌入式八股/嵌入式高频八股150题.md	yes
工作台/条目记录/150题-023.md	150-023	第23题：C 语言中的 struct 和 C++ 中的 class 有什么区别？	八股题	150题	C/C++	学过	待回看	order: 23	[[projects/嵌入式八股/嵌入式高频八股150题.md#第23题：C 语言中的 struct 和 C++ 中的 class 有什么区别？]]	projects/嵌入式八股/嵌入式高频八股150题.md	yes
工作台/条目记录/150题-024.md	150-024	第24题：C 和 C++ 的主要区别是什么？	八股题	150题	C/C++	学过	待回看	order: 24	[[projects/嵌入式八股/嵌入式高频八股150题.md#第24题：C 和 C++ 的主要区别是什么？]]	projects/嵌入式八股/嵌入式高频八股150题.md	yes
工作台/条目记录/150题-025.md	150-025	第25题：在 32 位和 64 位系统中，常见类型大小有什么变化？	八股题	150题	C/C++	学过	待回看	order: 25	[[projects/嵌入式八股/嵌入式高频八股150题.md#第25题：在 32 位和 64 位系统中，常见类型大小有什么变化？]]	projects/嵌入式八股/嵌入式高频八股150题.md	yes
工作台/条目记录/150题-026.md	150-026	第26题：C++ 面向对象的三大特性是什么？	八股题	150题	C/C++	学过	待回看	order: 26	[[projects/嵌入式八股/嵌入式高频八股150题.md#第26题：C++ 面向对象的三大特性是什么？]]	projects/嵌入式八股/嵌入式高频八股150题.md	yes
工作台/条目记录/150题-027.md	150-027	第27题：虚函数的底层实现机制是什么？	八股题	150题	C/C++	学过	待回看	order: 27	[[projects/嵌入式八股/嵌入式高频八股150题.md#第27题：虚函数的底层实现机制是什么？]]	projects/嵌入式八股/嵌入式高频八股150题.md	yes
工作台/条目记录/150题-028.md	150-028	第28题：纯虚函数和抽象类是什么？	八股题	150题	C/C++	学过	待回看	order: 28	[[projects/嵌入式八股/嵌入式高频八股150题.md#第28题：纯虚函数和抽象类是什么？]]	projects/嵌入式八股/嵌入式高频八股150题.md	yes
工作台/条目记录/150题-029.md	150-029	第29题：为什么析构函数通常要声明为虚函数？	八股题	150题	C/C++	学过	待回看	order: 29	[[projects/嵌入式八股/嵌入式高频八股150题.md#第29题：为什么析构函数通常要声明为虚函数？]]	projects/嵌入式八股/嵌入式高频八股150题.md	yes
工作台/条目记录/150题-030.md	150-030	第30题：什么是菱形继承？如何解决？	八股题	150题	C/C++	学过	待回看	order: 30	[[projects/嵌入式八股/嵌入式高频八股150题.md#第30题：什么是菱形继承？如何解决？]]	projects/嵌入式八股/嵌入式高频八股150题.md	yes
工作台/条目记录/150题-031.md	150-031	第31题：深拷贝和浅拷贝有什么区别？	八股题	150题	C/C++	学过	待回看	order: 31	[[projects/嵌入式八股/嵌入式高频八股150题.md#第31题：深拷贝和浅拷贝有什么区别？]]	projects/嵌入式八股/嵌入式高频八股150题.md	yes
工作台/条目记录/150题-032.md	150-032	第32题：智能指针有哪些？各自的作用是什么？	八股题	150题	C/C++	学过	待回看	order: 32	[[projects/嵌入式八股/嵌入式高频八股150题.md#第32题：智能指针有哪些？各自的作用是什么？]]	projects/嵌入式八股/嵌入式高频八股150题.md	yes
工作台/条目记录/150题-033.md	150-033	第33题：左值和右值有什么区别？右值引用是什么？	八股题	150题	C/C++	学过	待回看	order: 33	[[projects/嵌入式八股/嵌入式高频八股150题.md#第33题：左值和右值有什么区别？右值引用是什么？]]	projects/嵌入式八股/嵌入式高频八股150题.md	yes
工作台/条目记录/150题-034.md	150-034	第34题：移动语义是什么？解决了什么问题？	八股题	150题	C/C++	学过	待回看	order: 34	[[projects/嵌入式八股/嵌入式高频八股150题.md#第34题：移动语义是什么？解决了什么问题？]]	projects/嵌入式八股/嵌入式高频八股150题.md	yes
工作台/条目记录/150题-035.md	150-035	第35题：拷贝构造函数和赋值运算符有什么区别？	八股题	150题	C/C++	学过	待回看	order: 35	[[projects/嵌入式八股/嵌入式高频八股150题.md#第35题：拷贝构造函数和赋值运算符有什么区别？]]	projects/嵌入式八股/嵌入式高频八股150题.md	yes
工作台/条目记录/150题-036.md	150-036	第36题：C++ 中 struct 和 class 的默认访问权限有什么不同？	八股题	150题	C/C++	学过	待回看	order: 36	[[projects/嵌入式八股/嵌入式高频八股150题.md#第36题：C++ 中 struct 和 class 的默认访问权限有什么不同？]]	projects/嵌入式八股/嵌入式高频八股150题.md	yes
工作台/条目记录/150题-037.md	150-037	第37题：函数重载和函数重写有什么区别？	八股题	150题	C/C++	学过	待回看	order: 37	[[projects/嵌入式八股/嵌入式高频八股150题.md#第37题：函数重载和函数重写有什么区别？]]	projects/嵌入式八股/嵌入式高频八股150题.md	yes
工作台/条目记录/150题-038.md	150-038	第38题：什么是函数模板和类模板？	八股题	150题	C/C++	学过	待回看	order: 38	[[projects/嵌入式八股/嵌入式高频八股150题.md#第38题：什么是函数模板和类模板？]]	projects/嵌入式八股/嵌入式高频八股150题.md	yes
工作台/条目记录/150题-039.md	150-039	第39题：C++ 中的异常处理机制是怎样的？	八股题	150题	C/C++	学过	待回看	order: 39	[[projects/嵌入式八股/嵌入式高频八股150题.md#第39题：C++ 中的异常处理机制是怎样的？]]	projects/嵌入式八股/嵌入式高频八股150题.md	yes
工作台/条目记录/150题-040.md	150-040	第40题：new 失败时会发生什么？	八股题	150题	C/C++	学过	待回看	order: 40	[[projects/嵌入式八股/嵌入式高频八股150题.md#第40题：new 失败时会发生什么？]]	projects/嵌入式八股/嵌入式高频八股150题.md	yes
工作台/条目记录/150题-041.md	150-041	第41题：unordered_map 和 map 有什么区别？	八股题	150题	C/C++	学过	待回看	order: 41	[[projects/嵌入式八股/嵌入式高频八股150题.md#第41题：unordered_map 和 map 有什么区别？]]	projects/嵌入式八股/嵌入式高频八股150题.md	yes
工作台/条目记录/150题-042.md	150-042	第42题：vector 和 list 有什么区别？	八股题	150题	C/C++	学过	待回看	order: 42	[[projects/嵌入式八股/嵌入式高频八股150题.md#第42题：vector 和 list 有什么区别？]]	projects/嵌入式八股/嵌入式高频八股150题.md	yes
工作台/条目记录/150题-043.md	150-043	第43题：迭代器失效是怎么回事？	八股题	150题	C/C++	学过	待回看	order: 43	[[projects/嵌入式八股/嵌入式高频八股150题.md#第43题：迭代器失效是怎么回事？]]	projects/嵌入式八股/嵌入式高频八股150题.md	yes
工作台/条目记录/150题-044.md	150-044	第44题：Lambda 表达式的捕获方式有哪些？	八股题	150题	C/C++	学过	待回看	order: 44	[[projects/嵌入式八股/嵌入式高频八股150题.md#第44题：Lambda 表达式的捕获方式有哪些？]]	projects/嵌入式八股/嵌入式高频八股150题.md	yes
工作台/条目记录/150题-045.md	150-045	第45题：static_cast、dynamic_cast、reinterpret_cast、const_cast 有什么区别？	八股题	150题	C/C++	学过	待回看	order: 45	[[projects/嵌入式八股/嵌入式高频八股150题.md#第45题：static_cast、dynamic_cast、reinterpret_cast、const_cast 有什么区别？]]	projects/嵌入式八股/嵌入式高频八股150题.md	yes
工作台/条目记录/150题-046.md	150-046	第46题：C++ 模板的作用和工作机制是什么？	八股题	150题	C/C++	学过	待回看	order: 46	[[projects/嵌入式八股/嵌入式高频八股150题.md#第46题：C++ 模板的作用和工作机制是什么？]]	projects/嵌入式八股/嵌入式高频八股150题.md	yes
工作台/条目记录/150题-047.md	150-047	第47题：RAII 是什么？	八股题	150题	C/C++	学过	待回看	order: 47	[[projects/嵌入式八股/嵌入式高频八股150题.md#第47题：RAII 是什么？]]	projects/嵌入式八股/嵌入式高频八股150题.md	yes
工作台/条目记录/150题-048.md	150-048	第48题：单例模式是什么？有什么优缺点？	八股题	150题	C/C++	学过	待回看	order: 48	[[projects/嵌入式八股/嵌入式高频八股150题.md#第48题：单例模式是什么？有什么优缺点？]]	projects/嵌入式八股/嵌入式高频八股150题.md	yes
工作台/条目记录/150题-049.md	150-049	第49题：STL 容器是线程安全的吗？	八股题	150题	C/C++	学过	待回看	order: 49	[[projects/嵌入式八股/嵌入式高频八股150题.md#第49题：STL 容器是线程安全的吗？]]	projects/嵌入式八股/嵌入式高频八股150题.md	yes
工作台/条目记录/150题-050.md	150-050	第50题：运算符重载有什么作用？需要注意什么？	八股题	150题	C/C++	学过	待回看	order: 50	[[projects/嵌入式八股/嵌入式高频八股150题.md#第50题：运算符重载有什么作用？需要注意什么？]]	projects/嵌入式八股/嵌入式高频八股150题.md	yes
工作台/条目记录/150题-051.md	150-051	第51题：STM32 启动流程大致是什么？	八股题	150题	STM32	学过	待回看	order: 51	[[projects/嵌入式八股/嵌入式高频八股150题.md#第51题：STM32 启动流程大致是什么？]]	projects/嵌入式八股/嵌入式高频八股150题.md	yes
工作台/条目记录/150题-052.md	150-052	第52题：Bootloader 有什么作用？	八股题	150题	STM32	学过	待回看	order: 52	[[projects/嵌入式八股/嵌入式高频八股150题.md#第52题：Bootloader 有什么作用？]]	projects/嵌入式八股/嵌入式高频八股150题.md	yes
工作台/条目记录/150题-053.md	150-053	第53题：什么是中断？	八股题	150题	STM32	学过	待回看	order: 53	[[projects/嵌入式八股/嵌入式高频八股150题.md#第53题：什么是中断？]]	projects/嵌入式八股/嵌入式高频八股150题.md	yes
工作台/条目记录/150题-054.md	150-054	第54题：异常和中断有什么区别？	八股题	150题	STM32	学过	待回看	order: 54	[[projects/嵌入式八股/嵌入式高频八股150题.md#第54题：异常和中断有什么区别？]]	projects/嵌入式八股/嵌入式高频八股150题.md	yes
工作台/条目记录/150题-055.md	150-055	第55题：NVIC 是什么？	八股题	150题	STM32	学过	待回看	order: 55	[[projects/嵌入式八股/嵌入式高频八股150题.md#第55题：NVIC 是什么？]]	projects/嵌入式八股/嵌入式高频八股150题.md	yes
工作台/条目记录/150题-056.md	150-056	第56题：SysTick 在嵌入式系统中有什么作用？	八股题	150题	STM32	学过	待回看	order: 56	[[projects/嵌入式八股/嵌入式高频八股150题.md#第56题：SysTick 在嵌入式系统中有什么作用？]]	projects/嵌入式八股/嵌入式高频八股150题.md	yes
工作台/条目记录/150题-057.md	150-057	第57题：中断服务函数设计时需要注意什么？	八股题	150题	STM32	学过	待回看	order: 57	[[projects/嵌入式八股/嵌入式高频八股150题.md#第57题：中断服务函数设计时需要注意什么？]]	projects/嵌入式八股/嵌入式高频八股150题.md	yes
工作台/条目记录/150题-058.md	150-058	第58题：中断和轮询有什么区别？	八股题	150题	STM32	学过	待回看	order: 58	[[projects/嵌入式八股/嵌入式高频八股150题.md#第58题：中断和轮询有什么区别？]]	projects/嵌入式八股/嵌入式高频八股150题.md	yes
工作台/条目记录/150题-059.md	150-059	第59题：DMA 是什么？有什么作用？	八股题	150题	STM32	学过	待回看	order: 59	[[projects/嵌入式八股/嵌入式高频八股150题.md#第59题：DMA 是什么？有什么作用？]]	projects/嵌入式八股/嵌入式高频八股150题.md	yes
工作台/条目记录/150题-060.md	150-060	第60题：UART DMA 接收不定长数据通常怎么做？	八股题	150题	STM32	学过	待回看	order: 60	[[projects/嵌入式八股/嵌入式高频八股150题.md#第60题：UART DMA 接收不定长数据通常怎么做？]]	projects/嵌入式八股/嵌入式高频八股150题.md	yes
工作台/条目记录/150题-061.md	150-061	第61题：环形缓冲区是什么？适合什么场景？	八股题	150题	STM32	学过	待回看	order: 61	[[projects/嵌入式八股/嵌入式高频八股150题.md#第61题：环形缓冲区是什么？适合什么场景？]]	projects/嵌入式八股/嵌入式高频八股150题.md	yes
工作台/条目记录/150题-062.md	150-062	第62题：看门狗的工作原理是什么？	八股题	150题	STM32	学过	待回看	order: 62	[[projects/嵌入式八股/嵌入式高频八股150题.md#第62题：看门狗的工作原理是什么？]]	projects/嵌入式八股/嵌入式高频八股150题.md	yes
工作台/条目记录/150题-063.md	150-063	第63题：Flash 写入和掉电保护要注意什么？	八股题	150题	STM32	学过	待回看	order: 63	[[projects/嵌入式八股/嵌入式高频八股150题.md#第63题：Flash 写入和掉电保护要注意什么？]]	projects/嵌入式八股/嵌入式高频八股150题.md	yes
工作台/条目记录/150题-064.md	150-064	第64题：GPIO 常见工作模式有哪些？	八股题	150题	STM32	学过	待回看	order: 64	[[projects/嵌入式八股/嵌入式高频八股150题.md#第64题：GPIO 常见工作模式有哪些？]]	projects/嵌入式八股/嵌入式高频八股150题.md	yes
工作台/条目记录/150题-065.md	150-065	第65题：ADC 分辨率和采样时间是什么意思？	八股题	150题	STM32	学过	待回看	order: 65	[[projects/嵌入式八股/嵌入式高频八股150题.md#第65题：ADC 分辨率和采样时间是什么意思？]]	projects/嵌入式八股/嵌入式高频八股150题.md	yes
工作台/条目记录/150题-066.md	150-066	第66题：PWM 是什么？定时器如何产生 PWM？	八股题	150题	STM32	学过	待回看	order: 66	[[projects/嵌入式八股/嵌入式高频八股150题.md#第66题：PWM 是什么？定时器如何产生 PWM？]]	projects/嵌入式八股/嵌入式高频八股150题.md	yes
工作台/条目记录/150题-067.md	150-067	第67题：STM32 时钟树为什么重要？	八股题	150题	STM32	学过	待回看	order: 67	[[projects/嵌入式八股/嵌入式高频八股150题.md#第67题：STM32 时钟树为什么重要？]]	projects/嵌入式八股/嵌入式高频八股150题.md	yes
工作台/条目记录/150题-068.md	150-068	第68题：HAL 库开发和寄存器开发有什么区别？	八股题	150题	STM32	学过	待回看	order: 68	[[projects/嵌入式八股/嵌入式高频八股150题.md#第68题：HAL 库开发和寄存器开发有什么区别？]]	projects/嵌入式八股/嵌入式高频八股150题.md	yes
工作台/条目记录/150题-069.md	150-069	第69题：MCU 低功耗设计通常从哪些方面考虑？	八股题	150题	STM32	学过	待回看	order: 69	[[projects/嵌入式八股/嵌入式高频八股150题.md#第69题：MCU 低功耗设计通常从哪些方面考虑？]]	projects/嵌入式八股/嵌入式高频八股150题.md	yes
工作台/条目记录/150题-070.md	150-070	第70题：HardFault 一般如何排查？	八股题	150题	STM32	学过	待回看	order: 70	[[projects/嵌入式八股/嵌入式高频八股150题.md#第70题：HardFault 一般如何排查？]]	projects/嵌入式八股/嵌入式高频八股150题.md	yes
工作台/条目记录/150题-071.md	150-071	第71题：UART 的基本通信原理是什么？	八股题	150题	通信	学过	待回看	order: 71	[[projects/嵌入式八股/嵌入式高频八股150题.md#第71题：UART 的基本通信原理是什么？]]	projects/嵌入式八股/嵌入式高频八股150题.md	yes
工作台/条目记录/150题-072.md	150-072	第72题：UART 和 RS485 有什么区别？	八股题	150题	通信	学过	待回看	order: 72	[[projects/嵌入式八股/嵌入式高频八股150题.md#第72题：UART 和 RS485 有什么区别？]]	projects/嵌入式八股/嵌入式高频八股150题.md	yes
工作台/条目记录/150题-073.md	150-073	第73题：Modbus RTU 的基本特点是什么？	八股题	150题	通信	学过	待回看	order: 73	[[projects/嵌入式八股/嵌入式高频八股150题.md#第73题：Modbus RTU 的基本特点是什么？]]	projects/嵌入式八股/嵌入式高频八股150题.md	yes
工作台/条目记录/150题-074.md	150-074	第74题：自定义通信协议帧一般怎么设计？	八股题	150题	通信	学过	待回看	order: 74	[[projects/嵌入式八股/嵌入式高频八股150题.md#第74题：自定义通信协议帧一般怎么设计？]]	projects/嵌入式八股/嵌入式高频八股150题.md	yes
工作台/条目记录/150题-075.md	150-075	第75题：CRC 校验和普通累加和有什么区别？	八股题	150题	通信	学过	待回看	order: 75	[[projects/嵌入式八股/嵌入式高频八股150题.md#第75题：CRC 校验和普通累加和有什么区别？]]	projects/嵌入式八股/嵌入式高频八股150题.md	yes
工作台/条目记录/150题-076.md	150-076	第76题：I2C 的基本通信过程是什么？	八股题	150题	通信	学过	待回看	order: 76	[[projects/嵌入式八股/嵌入式高频八股150题.md#第76题：I2C 的基本通信过程是什么？]]	projects/嵌入式八股/嵌入式高频八股150题.md	yes
工作台/条目记录/150题-077.md	150-077	第77题：I2C 为什么需要上拉电阻？	八股题	150题	通信	学过	待回看	order: 77	[[projects/嵌入式八股/嵌入式高频八股150题.md#第77题：I2C 为什么需要上拉电阻？]]	projects/嵌入式八股/嵌入式高频八股150题.md	yes
工作台/条目记录/150题-078.md	150-078	第78题：I2C 仲裁机制是什么？	八股题	150题	通信	学过	待回看	order: 78	[[projects/嵌入式八股/嵌入式高频八股150题.md#第78题：I2C 仲裁机制是什么？]]	projects/嵌入式八股/嵌入式高频八股150题.md	yes
工作台/条目记录/150题-079.md	150-079	第79题：I2C 时钟延展是什么？	八股题	150题	通信	学过	待回看	order: 79	[[projects/嵌入式八股/嵌入式高频八股150题.md#第79题：I2C 时钟延展是什么？]]	projects/嵌入式八股/嵌入式高频八股150题.md	yes
工作台/条目记录/150题-080.md	150-080	第80题：I2C 总线上两个从设备地址冲突会发生什么？	八股题	150题	通信	学过	待回看	order: 80	[[projects/嵌入式八股/嵌入式高频八股150题.md#第80题：I2C 总线上两个从设备地址冲突会发生什么？]]	projects/嵌入式八股/嵌入式高频八股150题.md	yes
工作台/条目记录/150题-081.md	150-081	第81题：SPI 的基本通信原理是什么？	八股题	150题	通信	学过	待回看	order: 81	[[projects/嵌入式八股/嵌入式高频八股150题.md#第81题：SPI 的基本通信原理是什么？]]	projects/嵌入式八股/嵌入式高频八股150题.md	yes
工作台/条目记录/150题-082.md	150-082	第82题：SPI 的 CPOL 和 CPHA 是什么？	八股题	150题	通信	学过	待回看	order: 82	[[projects/嵌入式八股/嵌入式高频八股150题.md#第82题：SPI 的 CPOL 和 CPHA 是什么？]]	projects/嵌入式八股/嵌入式高频八股150题.md	yes
工作台/条目记录/150题-083.md	150-083	第83题：SPI 和 I2C 有什么区别？	八股题	150题	通信	学过	待回看	order: 83	[[projects/嵌入式八股/嵌入式高频八股150题.md#第83题：SPI 和 I2C 有什么区别？]]	projects/嵌入式八股/嵌入式高频八股150题.md	yes
工作台/条目记录/150题-084.md	150-084	第84题：CAN 总线有什么特点？	八股题	150题	通信	学过	待回看	order: 84	[[projects/嵌入式八股/嵌入式高频八股150题.md#第84题：CAN 总线有什么特点？]]	projects/嵌入式八股/嵌入式高频八股150题.md	yes
工作台/条目记录/150题-085.md	150-085	第85题：CAN 仲裁机制是怎么实现的？	八股题	150题	通信	学过	待回看	order: 85	[[projects/嵌入式八股/嵌入式高频八股150题.md#第85题：CAN 仲裁机制是怎么实现的？]]	projects/嵌入式八股/嵌入式高频八股150题.md	yes
工作台/条目记录/150题-086.md	150-086	第86题：CAN 如何进行错误检测和处理？	八股题	150题	通信	学过	待回看	order: 86	[[projects/嵌入式八股/嵌入式高频八股150题.md#第86题：CAN 如何进行错误检测和处理？]]	projects/嵌入式八股/嵌入式高频八股150题.md	yes
工作台/条目记录/150题-087.md	150-087	第87题：TCP 和 UDP 有什么区别？	八股题	150题	通信	学过	待回看	order: 87	[[projects/嵌入式八股/嵌入式高频八股150题.md#第87题：TCP 和 UDP 有什么区别？]]	projects/嵌入式八股/嵌入式高频八股150题.md	yes
工作台/条目记录/150题-088.md	150-088	第88题：TCP 三次握手和四次挥手是什么？	八股题	150题	通信	学过	待回看	order: 88	[[projects/嵌入式八股/嵌入式高频八股150题.md#第88题：TCP 三次握手和四次挥手是什么？]]	projects/嵌入式八股/嵌入式高频八股150题.md	yes
工作台/条目记录/150题-089.md	150-089	第89题：TCP 粘包是什么？如何解决？	八股题	150题	通信	学过	待回看	order: 89	[[projects/嵌入式八股/嵌入式高频八股150题.md#第89题：TCP 粘包是什么？如何解决？]]	projects/嵌入式八股/嵌入式高频八股150题.md	yes
工作台/条目记录/150题-090.md	150-090	第90题：MQTT 的基本原理是什么？	八股题	150题	通信	学过	待回看	order: 90	[[projects/嵌入式八股/嵌入式高频八股150题.md#第90题：MQTT 的基本原理是什么？]]	projects/嵌入式八股/嵌入式高频八股150题.md	yes
工作台/条目记录/150题-091.md	150-091	第91题：裸机和 RTOS 有什么区别？	八股题	150题	FreeRTOS	学过	待回看	order: 91	[[projects/嵌入式八股/嵌入式高频八股150题.md#第91题：裸机和 RTOS 有什么区别？]]	projects/嵌入式八股/嵌入式高频八股150题.md	yes
工作台/条目记录/150题-092.md	150-092	第92题：FreeRTOS 任务有哪些状态？	八股题	150题	FreeRTOS	学过	待回看	order: 92	[[projects/嵌入式八股/嵌入式高频八股150题.md#第92题：FreeRTOS 任务有哪些状态？]]	projects/嵌入式八股/嵌入式高频八股150题.md	yes
工作台/条目记录/150题-093.md	150-093	第93题：FreeRTOS 的任务调度机制是什么？	八股题	150题	FreeRTOS	学过	待回看	order: 93	[[projects/嵌入式八股/嵌入式高频八股150题.md#第93题：FreeRTOS 的任务调度机制是什么？]]	projects/嵌入式八股/嵌入式高频八股150题.md	yes
工作台/条目记录/150题-094.md	150-094	第94题：FreeRTOS 任务优先级如何设计？	八股题	150题	FreeRTOS	学过	待回看	order: 94	[[projects/嵌入式八股/嵌入式高频八股150题.md#第94题：FreeRTOS 任务优先级如何设计？]]	projects/嵌入式八股/嵌入式高频八股150题.md	yes
工作台/条目记录/150题-095.md	150-095	第95题：什么是优先级反转？如何解决？	八股题	150题	FreeRTOS	学过	待回看	order: 95	[[projects/嵌入式八股/嵌入式高频八股150题.md#第95题：什么是优先级反转？如何解决？]]	projects/嵌入式八股/嵌入式高频八股150题.md	yes
工作台/条目记录/150题-096.md	150-096	第96题：FreeRTOS 队列有什么作用？	八股题	150题	FreeRTOS	学过	待回看	order: 96	[[projects/嵌入式八股/嵌入式高频八股150题.md#第96题：FreeRTOS 队列有什么作用？]]	projects/嵌入式八股/嵌入式高频八股150题.md	yes
工作台/条目记录/150题-097.md	150-097	第97题：信号量和互斥量有什么区别？	八股题	150题	FreeRTOS	学过	待回看	order: 97	[[projects/嵌入式八股/嵌入式高频八股150题.md#第97题：信号量和互斥量有什么区别？]]	projects/嵌入式八股/嵌入式高频八股150题.md	yes
工作台/条目记录/150题-098.md	150-098	第98题：二值信号量和计数信号量有什么区别？	八股题	150题	FreeRTOS	学过	待回看	order: 98	[[projects/嵌入式八股/嵌入式高频八股150题.md#第98题：二值信号量和计数信号量有什么区别？]]	projects/嵌入式八股/嵌入式高频八股150题.md	yes
工作台/条目记录/150题-099.md	150-099	第99题：任务通知和队列、信号量相比有什么特点？	八股题	150题	FreeRTOS	学过	待回看	order: 99	[[projects/嵌入式八股/嵌入式高频八股150题.md#第99题：任务通知和队列、信号量相比有什么特点？]]	projects/嵌入式八股/嵌入式高频八股150题.md	yes
工作台/条目记录/150题-100.md	150-100	第100题：事件组 Event Group 有什么作用？	八股题	150题	FreeRTOS	学过	待回看	order: 100	[[projects/嵌入式八股/嵌入式高频八股150题.md#第100题：事件组 Event Group 有什么作用？]]	projects/嵌入式八股/嵌入式高频八股150题.md	yes
工作台/条目记录/150题-101.md	150-101	第101题：什么是临界区？在嵌入式中如何保护？	八股题	150题	FreeRTOS	学过	待回看	order: 101	[[projects/嵌入式八股/嵌入式高频八股150题.md#第101题：什么是临界区？在嵌入式中如何保护？]]	projects/嵌入式八股/嵌入式高频八股150题.md	yes
工作台/条目记录/150题-102.md	150-102	第102题：中断和任务之间如何同步？	八股题	150题	FreeRTOS	学过	待回看	order: 102	[[projects/嵌入式八股/嵌入式高频八股150题.md#第102题：中断和任务之间如何同步？]]	projects/嵌入式八股/嵌入式高频八股150题.md	yes
工作台/条目记录/150题-103.md	150-103	第103题：FreeRTOS 的 heap_1 到 heap_5 有什么区别？	八股题	150题	FreeRTOS	学过	待回看	order: 103	[[projects/嵌入式八股/嵌入式高频八股150题.md#第103题：FreeRTOS 的 heap_1 到 heap_5 有什么区别？]]	projects/嵌入式八股/嵌入式高频八股150题.md	yes
工作台/条目记录/150题-104.md	150-104	第104题：如何判断 FreeRTOS 任务栈是否够用？	八股题	150题	FreeRTOS	学过	待回看	order: 104	[[projects/嵌入式八股/嵌入式高频八股150题.md#第104题：如何判断 FreeRTOS 任务栈是否够用？]]	projects/嵌入式八股/嵌入式高频八股150题.md	yes
工作台/条目记录/150题-105.md	150-105	第105题：如何评估一个 RTOS 系统的实时性？	八股题	150题	FreeRTOS	学过	待回看	order: 105	[[projects/嵌入式八股/嵌入式高频八股150题.md#第105题：如何评估一个 RTOS 系统的实时性？]]	projects/嵌入式八股/嵌入式高频八股150题.md	yes
工作台/条目记录/150题-106.md	150-106	第106题：进程和线程有什么区别？	八股题	150题	Linux	学过	待回看	order: 106	[[projects/嵌入式八股/嵌入式高频八股150题.md#第106题：进程和线程有什么区别？]]	projects/嵌入式八股/嵌入式高频八股150题.md	yes
工作台/条目记录/150题-107.md	150-107	第107题：进程间通信方式有哪些？	八股题	150题	Linux	学过	待回看	order: 107	[[projects/嵌入式八股/嵌入式高频八股150题.md#第107题：进程间通信方式有哪些？]]	projects/嵌入式八股/嵌入式高频八股150题.md	yes
工作台/条目记录/150题-108.md	150-108	第108题：共享内存为什么效率高？需要注意什么？	八股题	150题	Linux	学过	待回看	order: 108	[[projects/嵌入式八股/嵌入式高频八股150题.md#第108题：共享内存为什么效率高？需要注意什么？]]	projects/嵌入式八股/嵌入式高频八股150题.md	yes
工作台/条目记录/150题-109.md	150-109	第109题：互斥锁和自旋锁有什么区别？	八股题	150题	Linux	学过	待回看	order: 109	[[projects/嵌入式八股/嵌入式高频八股150题.md#第109题：互斥锁和自旋锁有什么区别？]]	projects/嵌入式八股/嵌入式高频八股150题.md	yes
工作台/条目记录/150题-110.md	150-110	第110题：信号量和条件变量有什么区别？	八股题	150题	Linux	学过	待回看	order: 110	[[projects/嵌入式八股/嵌入式高频八股150题.md#第110题：信号量和条件变量有什么区别？]]	projects/嵌入式八股/嵌入式高频八股150题.md	yes
工作台/条目记录/150题-111.md	150-111	第111题：死锁发生的四个必要条件是什么？如何避免？	八股题	150题	Linux	学过	待回看	order: 111	[[projects/嵌入式八股/嵌入式高频八股150题.md#第111题：死锁发生的四个必要条件是什么？如何避免？]]	projects/嵌入式八股/嵌入式高频八股150题.md	yes
工作台/条目记录/150题-112.md	150-112	第112题：虚拟内存和物理内存有什么区别？	八股题	150题	Linux	学过	待回看	order: 112	[[projects/嵌入式八股/嵌入式高频八股150题.md#第112题：虚拟内存和物理内存有什么区别？]]	projects/嵌入式八股/嵌入式高频八股150题.md	yes
工作台/条目记录/150题-113.md	150-113	第113题：malloc返回的是虚拟地址还是物理地址？会立即分配物理页吗？	八股题	150题	Linux	学过	待回看	order: 113	[[projects/嵌入式八股/嵌入式高频八股150题.md#第113题：malloc返回的是虚拟地址还是物理地址？会立即分配物理页吗？]]	projects/嵌入式八股/嵌入式高频八股150题.md	yes
工作台/条目记录/150题-114.md	150-114	第114题：fork和exec有什么区别？	八股题	150题	Linux	学过	待回看	order: 114	[[projects/嵌入式八股/嵌入式高频八股150题.md#第114题：fork和exec有什么区别？]]	projects/嵌入式八股/嵌入式高频八股150题.md	yes
工作台/条目记录/150题-115.md	150-115	第115题：用户态和内核态有什么区别？为什么要区分？	八股题	150题	Linux	学过	待回看	order: 115	[[projects/嵌入式八股/嵌入式高频八股150题.md#第115题：用户态和内核态有什么区别？为什么要区分？]]	projects/嵌入式八股/嵌入式高频八股150题.md	yes
工作台/条目记录/150题-116.md	150-116	第116题：select、poll 和 epoll 有什么区别？	八股题	150题	Linux	学过	待回看	order: 116	[[projects/嵌入式八股/嵌入式高频八股150题.md#第116题：select、poll 和 epoll 有什么区别？]]	projects/嵌入式八股/嵌入式高频八股150题.md	yes
工作台/条目记录/150题-117.md	150-117	第117题：TCP 服务端建立连接需要哪些 socket API？	八股题	150题	Linux	学过	待回看	order: 117	[[projects/嵌入式八股/嵌入式高频八股150题.md#第117题：TCP 服务端建立连接需要哪些 socket API？]]	projects/嵌入式八股/嵌入式高频八股150题.md	yes
工作台/条目记录/150题-118.md	150-118	第118题：阻塞 IO 和非阻塞 IO 有什么区别？	八股题	150题	Linux	学过	待回看	order: 118	[[projects/嵌入式八股/嵌入式高频八股150题.md#第118题：阻塞 IO 和非阻塞 IO 有什么区别？]]	projects/嵌入式八股/嵌入式高频八股150题.md	yes
工作台/条目记录/150题-119.md	150-119	第119题：core dump 如何用 GDB 调试？	八股题	150题	Linux	学过	待回看	order: 119	[[projects/嵌入式八股/嵌入式高频八股150题.md#第119题：core dump 如何用 GDB 调试？]]	projects/嵌入式八股/嵌入式高频八股150题.md	yes
工作台/条目记录/150题-120.md	150-120	第120题：Linux 启动流程大致是什么？设备树有什么作用？	八股题	150题	Linux	学过	待回看	order: 120	[[projects/嵌入式八股/嵌入式高频八股150题.md#第120题：Linux 启动流程大致是什么？设备树有什么作用？]]	projects/嵌入式八股/嵌入式高频八股150题.md	yes
工作台/条目记录/150题-121.md	150-121	第121题：Linux 进程地址空间通常包含哪些区域？	八股题	150题	Linux	学过	待回看	order: 121	[[projects/嵌入式八股/嵌入式高频八股150题.md#第121题：Linux 进程地址空间通常包含哪些区域？]]	projects/嵌入式八股/嵌入式高频八股150题.md	yes
工作台/条目记录/150题-122.md	150-122	第122题：Linux 线程共享哪些资源？哪些资源是私有的？	八股题	150题	Linux	学过	待回看	order: 122	[[projects/嵌入式八股/嵌入式高频八股150题.md#第122题：Linux 线程共享哪些资源？哪些资源是私有的？]]	projects/嵌入式八股/嵌入式高频八股150题.md	yes
工作台/条目记录/150题-123.md	150-123	第123题：fork 之后父子进程共享哪些内容？哪些内容是独立的？	八股题	150题	Linux	学过	待回看	order: 123	[[projects/嵌入式八股/嵌入式高频八股150题.md#第123题：fork 之后父子进程共享哪些内容？哪些内容是独立的？]]	projects/嵌入式八股/嵌入式高频八股150题.md	yes
工作台/条目记录/150题-124.md	150-124	第124题：写时复制 COW 是什么？它解决了什么问题？	八股题	150题	Linux	学过	待回看	order: 124	[[projects/嵌入式八股/嵌入式高频八股150题.md#第124题：写时复制 COW 是什么？它解决了什么问题？]]	projects/嵌入式八股/嵌入式高频八股150题.md	yes
工作台/条目记录/150题-125.md	150-125	第125题：缺页中断是什么？常见触发场景有哪些？	八股题	150题	Linux	学过	待回看	order: 125	[[projects/嵌入式八股/嵌入式高频八股150题.md#第125题：缺页中断是什么？常见触发场景有哪些？]]	projects/嵌入式八股/嵌入式高频八股150题.md	yes
工作台/条目记录/150题-126.md	150-126	第126题：mmap 有什么作用？和 read/write 有什么区别？	八股题	150题	Linux	学过	待回看	order: 126	[[projects/嵌入式八股/嵌入式高频八股150题.md#第126题：mmap 有什么作用？和 read/write 有什么区别？]]	projects/嵌入式八股/嵌入式高频八股150题.md	yes
工作台/条目记录/150题-127.md	150-127	第127题：管道、有名管道和 Unix Domain Socket 有什么区别？	八股题	150题	Linux	学过	待回看	order: 127	[[projects/嵌入式八股/嵌入式高频八股150题.md#第127题：管道、有名管道和 Unix Domain Socket 有什么区别？]]	projects/嵌入式八股/嵌入式高频八股150题.md	yes
工作台/条目记录/150题-128.md	150-128	第128题：Linux 信号机制是什么？常见信号有哪些？	八股题	150题	Linux	学过	待回看	order: 128	[[projects/嵌入式八股/嵌入式高频八股150题.md#第128题：Linux 信号机制是什么？常见信号有哪些？]]	projects/嵌入式八股/嵌入式高频八股150题.md	yes
工作台/条目记录/150题-129.md	150-129	第129题：守护进程是什么？一般如何创建？	八股题	150题	Linux	学过	待回看	order: 129	[[projects/嵌入式八股/嵌入式高频八股150题.md#第129题：守护进程是什么？一般如何创建？]]	projects/嵌入式八股/嵌入式高频八股150题.md	yes
工作台/条目记录/150题-130.md	150-130	第130题：文件描述符是什么？它和 FILE* 有什么区别？	八股题	150题	Linux	学过	待回看	order: 130	[[projects/嵌入式八股/嵌入式高频八股150题.md#第130题：文件描述符是什么？它和 FILE* 有什么区别？]]	projects/嵌入式八股/嵌入式高频八股150题.md	yes
工作台/条目记录/150题-131.md	150-131	第131题：为什么 IO 多路复用适合处理多个连接？	八股题	150题	Linux	学过	待回看	order: 131	[[projects/嵌入式八股/嵌入式高频八股150题.md#第131题：为什么 IO 多路复用适合处理多个连接？]]	projects/嵌入式八股/嵌入式高频八股150题.md	yes
工作台/条目记录/150题-132.md	150-132	第132题：epoll 的 LT 和 ET 模式有什么区别？	八股题	150题	Linux	学过	待回看	order: 132	[[projects/嵌入式八股/嵌入式高频八股150题.md#第132题：epoll 的 LT 和 ET 模式有什么区别？]]	projects/嵌入式八股/嵌入式高频八股150题.md	yes
工作台/条目记录/150题-133.md	150-133	第133题：epoll 边缘触发模式下如何避免丢事件？	八股题	150题	Linux	学过	待回看	order: 133	[[projects/嵌入式八股/嵌入式高频八股150题.md#第133题：epoll 边缘触发模式下如何避免丢事件？]]	projects/嵌入式八股/嵌入式高频八股150题.md	yes
工作台/条目记录/150题-134.md	150-134	第134题：零拷贝是什么？常见实现方式有哪些？	八股题	150题	Linux	学过	待回看	order: 134	[[projects/嵌入式八股/嵌入式高频八股150题.md#第134题：零拷贝是什么？常见实现方式有哪些？]]	projects/嵌入式八股/嵌入式高频八股150题.md	yes
工作台/条目记录/150题-135.md	150-135	第135题：用户态到内核态一般如何发生切换？	八股题	150题	Linux	学过	待回看	order: 135	[[projects/嵌入式八股/嵌入式高频八股150题.md#第135题：用户态到内核态一般如何发生切换？]]	projects/嵌入式八股/嵌入式高频八股150题.md	yes
工作台/条目记录/150题-136.md	150-136	第136题：系统调用和库函数有什么区别？	八股题	150题	Linux	学过	待回看	order: 136	[[projects/嵌入式八股/嵌入式高频八股150题.md#第136题：系统调用和库函数有什么区别？]]	projects/嵌入式八股/嵌入式高频八股150题.md	yes
工作台/条目记录/150题-137.md	150-137	第137题：Linux 常见调度策略有哪些？SCHED_OTHER、FIFO、RR 有什么区别？	八股题	150题	Linux	学过	待回看	order: 137	[[projects/嵌入式八股/嵌入式高频八股150题.md#第137题：Linux 常见调度策略有哪些？SCHED_OTHER、FIFO、RR 有什么区别？]]	projects/嵌入式八股/嵌入式高频八股150题.md	yes
工作台/条目记录/150题-138.md	150-138	第138题：nice 值和实时优先级有什么区别？	八股题	150题	Linux	学过	待回看	order: 138	[[projects/嵌入式八股/嵌入式高频八股150题.md#第138题：nice 值和实时优先级有什么区别？]]	projects/嵌入式八股/嵌入式高频八股150题.md	yes
工作台/条目记录/150题-139.md	150-139	第139题：上下文切换的开销主要来自哪里？	八股题	150题	Linux	学过	待回看	order: 139	[[projects/嵌入式八股/嵌入式高频八股150题.md#第139题：上下文切换的开销主要来自哪里？]]	projects/嵌入式八股/嵌入式高频八股150题.md	yes
工作台/条目记录/150题-140.md	150-140	第140题：Linux 多线程中栈空间是如何分配的？默认大小一般怎么理解？	八股题	150题	Linux	学过	待回看	order: 140	[[projects/嵌入式八股/嵌入式高频八股150题.md#第140题：Linux 多线程中栈空间是如何分配的？默认大小一般怎么理解？]]	projects/嵌入式八股/嵌入式高频八股150题.md	yes
工作台/条目记录/150题-141.md	150-141	第141题：pthread_mutex 和 pthread_rwlock 有什么区别？	八股题	150题	Linux	学过	待回看	order: 141	[[projects/嵌入式八股/嵌入式高频八股150题.md#第141题：pthread_mutex 和 pthread_rwlock 有什么区别？]]	projects/嵌入式八股/嵌入式高频八股150题.md	yes
工作台/条目记录/150题-142.md	150-142	第142题：futex 是什么？它和用户态锁有什么关系？	八股题	150题	Linux	学过	待回看	order: 142	[[projects/嵌入式八股/嵌入式高频八股150题.md#第142题：futex 是什么？它和用户态锁有什么关系？]]	projects/嵌入式八股/嵌入式高频八股150题.md	yes
工作台/条目记录/150题-143.md	150-143	第143题：条件变量为什么通常要配合互斥锁使用？	八股题	150题	Linux	学过	待回看	order: 143	[[projects/嵌入式八股/嵌入式高频八股150题.md#第143题：条件变量为什么通常要配合互斥锁使用？]]	projects/嵌入式八股/嵌入式高频八股150题.md	yes
工作台/条目记录/150题-144.md	150-144	第144题：线程池的作用是什么？设计时需要注意哪些问题？	八股题	150题	Linux	学过	待回看	order: 144	[[projects/嵌入式八股/嵌入式高频八股150题.md#第144题：线程池的作用是什么？设计时需要注意哪些问题？]]	projects/嵌入式八股/嵌入式高频八股150题.md	yes
工作台/条目记录/150题-145.md	150-145	第145题：Linux 下如何定位 CPU 占用过高的问题？	八股题	150题	Linux	学过	待回看	order: 145	[[projects/嵌入式八股/嵌入式高频八股150题.md#第145题：Linux 下如何定位 CPU 占用过高的问题？]]	projects/嵌入式八股/嵌入式高频八股150题.md	yes
工作台/条目记录/150题-146.md	150-146	第146题：Linux 下如何定位内存泄漏或内存持续增长？	八股题	150题	Linux	学过	待回看	order: 146	[[projects/嵌入式八股/嵌入式高频八股150题.md#第146题：Linux 下如何定位内存泄漏或内存持续增长？]]	projects/嵌入式八股/嵌入式高频八股150题.md	yes
工作台/条目记录/150题-147.md	150-147	第147题：Linux 下如何排查文件描述符泄漏？	八股题	150题	Linux	学过	待回看	order: 147	[[projects/嵌入式八股/嵌入式高频八股150题.md#第147题：Linux 下如何排查文件描述符泄漏？]]	projects/嵌入式八股/嵌入式高频八股150题.md	yes
工作台/条目记录/150题-148.md	150-148	第148题：Linux 程序偶发崩溃一般如何排查？	八股题	150题	Linux	学过	待回看	order: 148	[[projects/嵌入式八股/嵌入式高频八股150题.md#第148题：Linux 程序偶发崩溃一般如何排查？]]	projects/嵌入式八股/嵌入式高频八股150题.md	yes
工作台/条目记录/150题-149.md	150-149	第149题：dmesg、journalctl、strace、ltrace、perf 分别有什么用？	八股题	150题	Linux	学过	待回看	order: 149	[[projects/嵌入式八股/嵌入式高频八股150题.md#第149题：dmesg、journalctl、strace、ltrace、perf 分别有什么用？]]	projects/嵌入式八股/嵌入式高频八股150题.md	yes
工作台/条目记录/150题-150.md	150-150	第150题：Linux 字符设备驱动的大致开发流程是什么？	八股题	150题	Linux	学过	待回看	order: 150	[[projects/嵌入式八股/嵌入式高频八股150题.md#第150题：Linux 字符设备驱动的大致开发流程是什么？]]	projects/嵌入式八股/嵌入式高频八股150题.md	yes
工作台/条目记录/大丙Linux-001.md	dabing-linux-001	01 普通用户添加 sudo 权限	章节	大丙Linux	Linux工具	学过	待回看	order: 1	[[archive/大丙Linux教程/番外/01 普通用户添加 sudo 权限.md]]	archive/大丙Linux教程/番外/01 普通用户添加 sudo 权限.md	yes
工作台/条目记录/大丙Linux-002.md	dabing-linux-002	02 Vim插件的快速安装	章节	大丙Linux	Linux工具	学过	待回看	order: 2	[[archive/大丙Linux教程/番外/02 Vim插件的快速安装.md]]	archive/大丙Linux教程/番外/02 Vim插件的快速安装.md	yes
工作台/条目记录/大丙Linux-003.md	dabing-linux-003	03 CMake 保姆级教程（上）	章节	大丙Linux	Linux工具	学过	待回看	order: 3	[[archive/大丙Linux教程/番外/03 CMake 保姆级教程（上）.md]]	archive/大丙Linux教程/番外/03 CMake 保姆级教程（上）.md	yes
工作台/条目记录/大丙Linux-004.md	dabing-linux-004	04 CMake 保姆级教程（下）	章节	大丙Linux	Linux工具	学过	待回看	order: 4	[[archive/大丙Linux教程/番外/04 CMake 保姆级教程（下）.md]]	archive/大丙Linux教程/番外/04 CMake 保姆级教程（下）.md	yes
工作台/条目记录/大丙Linux-005.md	dabing-linux-005	01 初识Linux操作系统	章节	大丙Linux	Linux基础	学过	待回看	order: 5	[[archive/大丙Linux教程/第1章 Linux 基础/01 初识Linux操作系统.md]]	archive/大丙Linux教程/第1章 Linux 基础/01 初识Linux操作系统.md	yes
工作台/条目记录/大丙Linux-006.md	dabing-linux-006	02 文件管理命令	章节	大丙Linux	Linux基础	学过	待回看	order: 6	[[archive/大丙Linux教程/第1章 Linux 基础/02 文件管理命令.md]]	archive/大丙Linux教程/第1章 Linux 基础/02 文件管理命令.md	yes
工作台/条目记录/大丙Linux-007.md	dabing-linux-007	03 用户管理命令	章节	大丙Linux	Linux基础	学过	待回看	order: 7	[[archive/大丙Linux教程/第1章 Linux 基础/03 用户管理命令.md]]	archive/大丙Linux教程/第1章 Linux 基础/03 用户管理命令.md	yes
工作台/条目记录/大丙Linux-008.md	dabing-linux-008	04 压缩命令	章节	大丙Linux	Linux基础	学过	待回看	order: 8	[[archive/大丙Linux教程/第1章 Linux 基础/04 压缩命令.md]]	archive/大丙Linux教程/第1章 Linux 基础/04 压缩命令.md	yes
工作台/条目记录/大丙Linux-009.md	dabing-linux-009	05 查找命令	章节	大丙Linux	Linux基础	学过	待回看	order: 9	[[archive/大丙Linux教程/第1章 Linux 基础/05 查找命令.md]]	archive/大丙Linux教程/第1章 Linux 基础/05 查找命令.md	yes
工作台/条目记录/大丙Linux-010.md	dabing-linux-010	06 Vim的使用	章节	大丙Linux	Linux基础	学过	待回看	order: 10	[[archive/大丙Linux教程/第1章 Linux 基础/06 Vim的使用.md]]	archive/大丙Linux教程/第1章 Linux 基础/06 Vim的使用.md	yes
工作台/条目记录/大丙Linux-011.md	dabing-linux-011	07 GCC	章节	大丙Linux	Linux基础	学过	待回看	order: 11	[[archive/大丙Linux教程/第1章 Linux 基础/07 GCC.md]]	archive/大丙Linux教程/第1章 Linux 基础/07 GCC.md	yes
工作台/条目记录/大丙Linux-012.md	dabing-linux-012	08 静态库和动态库	章节	大丙Linux	Linux基础	学过	待回看	order: 12	[[archive/大丙Linux教程/第1章 Linux 基础/08 静态库和动态库.md]]	archive/大丙Linux教程/第1章 Linux 基础/08 静态库和动态库.md	yes
工作台/条目记录/大丙Linux-013.md	dabing-linux-013	09 Makefile	章节	大丙Linux	Linux基础	学过	待回看	order: 13	[[archive/大丙Linux教程/第1章 Linux 基础/09 Makefile.md]]	archive/大丙Linux教程/第1章 Linux 基础/09 Makefile.md	yes
工作台/条目记录/大丙Linux-014.md	dabing-linux-014	10 GDB调试	章节	大丙Linux	Linux基础	学过	待回看	order: 14	[[archive/大丙Linux教程/第1章 Linux 基础/10 GDB调试.md]]	archive/大丙Linux教程/第1章 Linux 基础/10 GDB调试.md	yes
工作台/条目记录/大丙Linux-015.md	dabing-linux-015	01 文件描述符	章节	大丙Linux	文件IO	学过	待回看	order: 15	[[archive/大丙Linux教程/第2章 文件IO/01 文件描述符.md]]	archive/大丙Linux教程/第2章 文件IO/01 文件描述符.md	yes
工作台/条目记录/大丙Linux-016.md	dabing-linux-016	02 Linux系统IO	章节	大丙Linux	文件IO	学过	待回看	order: 16	[[archive/大丙Linux教程/第2章 文件IO/02 Linux系统IO.md]]	archive/大丙Linux教程/第2章 文件IO/02 Linux系统IO.md	yes
工作台/条目记录/大丙Linux-017.md	dabing-linux-017	03 文件状态和属性信息	章节	大丙Linux	文件IO	学过	待回看	order: 17	[[archive/大丙Linux教程/第2章 文件IO/03 文件状态和属性信息.md]]	archive/大丙Linux教程/第2章 文件IO/03 文件状态和属性信息.md	yes
工作台/条目记录/大丙Linux-018.md	dabing-linux-018	04 文件描述符复制和重定向	章节	大丙Linux	文件IO	学过	待回看	order: 18	[[archive/大丙Linux教程/第2章 文件IO/04 文件描述符复制和重定向.md]]	archive/大丙Linux教程/第2章 文件IO/04 文件描述符复制和重定向.md	yes
工作台/条目记录/大丙Linux-019.md	dabing-linux-019	05 目录的遍历	章节	大丙Linux	文件IO	学过	待回看	order: 19	[[archive/大丙Linux教程/第2章 文件IO/05 目录的遍历.md]]	archive/大丙Linux教程/第2章 文件IO/05 目录的遍历.md	yes
工作台/条目记录/大丙Linux-020.md	dabing-linux-020	01 进程控制	章节	大丙Linux	进程与线程	学过	待回看	order: 20	[[archive/大丙Linux教程/第3章 进程和线程/01 进程控制.md]]	archive/大丙Linux教程/第3章 进程和线程/01 进程控制.md	yes
工作台/条目记录/大丙Linux-021.md	dabing-linux-021	02 管道	章节	大丙Linux	进程与线程	学过	待回看	order: 21	[[archive/大丙Linux教程/第3章 进程和线程/02 管道.md]]	archive/大丙Linux教程/第3章 进程和线程/02 管道.md	yes
工作台/条目记录/大丙Linux-022.md	dabing-linux-022	03 内存映射区	章节	大丙Linux	进程与线程	学过	待回看	order: 22	[[archive/大丙Linux教程/第3章 进程和线程/03 内存映射区.md]]	archive/大丙Linux教程/第3章 进程和线程/03 内存映射区.md	yes
工作台/条目记录/大丙Linux-023.md	dabing-linux-023	04 共享内存	章节	大丙Linux	进程与线程	学过	待回看	order: 23	[[archive/大丙Linux教程/第3章 进程和线程/04 共享内存.md]]	archive/大丙Linux教程/第3章 进程和线程/04 共享内存.md	yes
工作台/条目记录/大丙Linux-024.md	dabing-linux-024	05 信号	章节	大丙Linux	进程与线程	学过	待回看	order: 24	[[archive/大丙Linux教程/第3章 进程和线程/05 信号.md]]	archive/大丙Linux教程/第3章 进程和线程/05 信号.md	yes
工作台/条目记录/大丙Linux-025.md	dabing-linux-025	06 守护进程	章节	大丙Linux	进程与线程	学过	待回看	order: 25	[[archive/大丙Linux教程/第3章 进程和线程/06 守护进程.md]]	archive/大丙Linux教程/第3章 进程和线程/06 守护进程.md	yes
工作台/条目记录/大丙Linux-026.md	dabing-linux-026	07 多线程	章节	大丙Linux	进程与线程	学过	待回看	order: 26	[[archive/大丙Linux教程/第3章 进程和线程/07 多线程.md]]	archive/大丙Linux教程/第3章 进程和线程/07 多线程.md	yes
工作台/条目记录/大丙Linux-027.md	dabing-linux-027	08 线程同步	章节	大丙Linux	进程与线程	学过	待回看	order: 27	[[archive/大丙Linux教程/第3章 进程和线程/08 线程同步.md]]	archive/大丙Linux教程/第3章 进程和线程/08 线程同步.md	yes
工作台/条目记录/大丙Linux-028.md	dabing-linux-028	09 线程池 - C语言版	章节	大丙Linux	进程与线程	学过	待回看	order: 28	[[archive/大丙Linux教程/第3章 进程和线程/09 线程池 - C语言版.md]]	archive/大丙Linux教程/第3章 进程和线程/09 线程池 - C语言版.md	yes
工作台/条目记录/大丙Linux-029.md	dabing-linux-029	10 线程池 - C改C++版	章节	大丙Linux	进程与线程	学过	待回看	order: 29	[[archive/大丙Linux教程/第3章 进程和线程/10 线程池 - C改C++版.md]]	archive/大丙Linux教程/第3章 进程和线程/10 线程池 - C改C++版.md	yes
工作台/条目记录/大丙Linux-030.md	dabing-linux-030	01 套接字 socket	章节	大丙Linux	套接字通信	学过	待回看	order: 30	[[archive/大丙Linux教程/第4章 套接字通信/01 套接字 socket.md]]	archive/大丙Linux教程/第4章 套接字通信/01 套接字 socket.md	yes
工作台/条目记录/大丙Linux-031.md	dabing-linux-031	02 三次握手、四次挥手	章节	大丙Linux	套接字通信	学过	待回看	order: 31	[[archive/大丙Linux教程/第4章 套接字通信/02 三次握手、四次挥手.md]]	archive/大丙Linux教程/第4章 套接字通信/02 三次握手、四次挥手.md	yes
工作台/条目记录/大丙Linux-032.md	dabing-linux-032	03 TCP状态转换	章节	大丙Linux	套接字通信	学过	待回看	order: 32	[[archive/大丙Linux教程/第4章 套接字通信/03 TCP状态转换.md]]	archive/大丙Linux教程/第4章 套接字通信/03 TCP状态转换.md	yes
工作台/条目记录/大丙Linux-033.md	dabing-linux-033	04 服务器并发	章节	大丙Linux	套接字通信	学过	待回看	order: 33	[[archive/大丙Linux教程/第4章 套接字通信/04 服务器并发.md]]	archive/大丙Linux教程/第4章 套接字通信/04 服务器并发.md	yes
工作台/条目记录/大丙Linux-034.md	dabing-linux-034	05 TCP数据粘包的处理	章节	大丙Linux	套接字通信	学过	待回看	order: 34	[[archive/大丙Linux教程/第4章 套接字通信/05 TCP数据粘包的处理.md]]	archive/大丙Linux教程/第4章 套接字通信/05 TCP数据粘包的处理.md	yes
工作台/条目记录/大丙Linux-035.md	dabing-linux-035	06 套接字通信类的封装	章节	大丙Linux	套接字通信	学过	待回看	order: 35	[[archive/大丙Linux教程/第4章 套接字通信/06 套接字通信类的封装.md]]	archive/大丙Linux教程/第4章 套接字通信/06 套接字通信类的封装.md	yes
工作台/条目记录/大丙Linux-036.md	dabing-linux-036	07 IO多路转接（复用）之select	章节	大丙Linux	套接字通信	学过	待回看	order: 36	[[archive/大丙Linux教程/第4章 套接字通信/07 IO多路转接（复用）之select.md]]	archive/大丙Linux教程/第4章 套接字通信/07 IO多路转接（复用）之select.md	yes
工作台/条目记录/大丙Linux-037.md	dabing-linux-037	08 IO多路转接（复用）之poll	章节	大丙Linux	套接字通信	学过	待回看	order: 37	[[archive/大丙Linux教程/第4章 套接字通信/08 IO多路转接（复用）之poll.md]]	archive/大丙Linux教程/第4章 套接字通信/08 IO多路转接（复用）之poll.md	yes
工作台/条目记录/大丙Linux-038.md	dabing-linux-038	09 IO多路转接（复用）之epoll	章节	大丙Linux	套接字通信	学过	待回看	order: 38	[[archive/大丙Linux教程/第4章 套接字通信/09 IO多路转接（复用）之epoll.md]]	archive/大丙Linux教程/第4章 套接字通信/09 IO多路转接（复用）之epoll.md	yes
工作台/条目记录/大丙Linux-039.md	dabing-linux-039	10 基于UDP的套接字通信	章节	大丙Linux	套接字通信	学过	待回看	order: 39	[[archive/大丙Linux教程/第4章 套接字通信/10 基于UDP的套接字通信.md]]	archive/大丙Linux教程/第4章 套接字通信/10 基于UDP的套接字通信.md	yes
工作台/条目记录/大丙Linux-040.md	dabing-linux-040	11 UDP之广播	章节	大丙Linux	套接字通信	学过	待回看	order: 40	[[archive/大丙Linux教程/第4章 套接字通信/11 UDP之广播.md]]	archive/大丙Linux教程/第4章 套接字通信/11 UDP之广播.md	yes
工作台/条目记录/大丙Linux-041.md	dabing-linux-041	12 UDP之组播（多播）	章节	大丙Linux	套接字通信	学过	待回看	order: 41	[[archive/大丙Linux教程/第4章 套接字通信/12 UDP之组播（多播）.md]]	archive/大丙Linux教程/第4章 套接字通信/12 UDP之组播（多播）.md	yes
工作台/条目记录/小林系统-001.md	xiaolin-system-001	2.1 CPU 是如何执行程序的？	章节	小林系统	计算机组成	学过	待回看	order: 1	[[projects/嵌入式八股/2. 小林图解/图解系统/02｜硬件结构篇/2.1 CPU 是如何执行程序的？.md]]	projects/嵌入式八股/2. 小林图解/图解系统/02｜硬件结构篇/2.1 CPU 是如何执行程序的？.md	yes
工作台/条目记录/小林系统-002.md	xiaolin-system-002	2.2 磁盘比内存慢几万倍？	章节	小林系统	计算机组成	学过	待回看	order: 2	[[projects/嵌入式八股/2. 小林图解/图解系统/02｜硬件结构篇/2.2 磁盘比内存慢几万倍？.md]]	projects/嵌入式八股/2. 小林图解/图解系统/02｜硬件结构篇/2.2 磁盘比内存慢几万倍？.md	yes
工作台/条目记录/小林系统-003.md	xiaolin-system-003	2.3 如何写出让 CPU 跑得更快的代码？	章节	小林系统	计算机组成	学过	待回看	order: 3	[[projects/嵌入式八股/2. 小林图解/图解系统/02｜硬件结构篇/2.3 如何写出让 CPU 跑得更快的代码？.md]]	projects/嵌入式八股/2. 小林图解/图解系统/02｜硬件结构篇/2.3 如何写出让 CPU 跑得更快的代码？.md	yes
工作台/条目记录/小林系统-004.md	xiaolin-system-004	2.4 CPU 缓存一致性	章节	小林系统	计算机组成	学过	待回看	order: 4	[[projects/嵌入式八股/2. 小林图解/图解系统/02｜硬件结构篇/2.4 CPU 缓存一致性.md]]	projects/嵌入式八股/2. 小林图解/图解系统/02｜硬件结构篇/2.4 CPU 缓存一致性.md	yes
工作台/条目记录/小林系统-005.md	xiaolin-system-005	2.5 CPU 是如何执行任务的？	章节	小林系统	计算机组成	学过	待回看	order: 5	[[projects/嵌入式八股/2. 小林图解/图解系统/02｜硬件结构篇/2.5 CPU 是如何执行任务的？.md]]	projects/嵌入式八股/2. 小林图解/图解系统/02｜硬件结构篇/2.5 CPU 是如何执行任务的？.md	yes
工作台/条目记录/小林系统-006.md	xiaolin-system-006	2.6 什么是软中断？	章节	小林系统	计算机组成	学过	待回看	order: 6	[[projects/嵌入式八股/2. 小林图解/图解系统/02｜硬件结构篇/2.6 什么是软中断？.md]]	projects/嵌入式八股/2. 小林图解/图解系统/02｜硬件结构篇/2.6 什么是软中断？.md	yes
工作台/条目记录/小林系统-007.md	xiaolin-system-007	2.7 为什么 0.1 + 0.2 不等于 0.3？	章节	小林系统	计算机组成	学过	待回看	order: 7	[[projects/嵌入式八股/2. 小林图解/图解系统/02｜硬件结构篇/2.7 为什么 0.1 + 0.2 不等于 0.3？.md]]	projects/嵌入式八股/2. 小林图解/图解系统/02｜硬件结构篇/2.7 为什么 0.1 + 0.2 不等于 0.3？.md	yes
工作台/条目记录/小林系统-008.md	xiaolin-system-008	3.1 Linux 内核 vs Windows 内核	章节	小林系统	操作系统	学过	待回看	order: 8	[[projects/嵌入式八股/2. 小林图解/图解系统/03｜系统结构篇/3.1 Linux 内核 vs Windows 内核.md]]	projects/嵌入式八股/2. 小林图解/图解系统/03｜系统结构篇/3.1 Linux 内核 vs Windows 内核.md	yes
工作台/条目记录/小林系统-009.md	xiaolin-system-009	4.1 为什么要有虚拟内存？	章节	小林系统	内存管理	学过	待回看	order: 9	[[projects/嵌入式八股/2. 小林图解/图解系统/04｜内存管理篇/4.1 为什么要有虚拟内存？.md]]	projects/嵌入式八股/2. 小林图解/图解系统/04｜内存管理篇/4.1 为什么要有虚拟内存？.md	yes
工作台/条目记录/小林系统-010.md	xiaolin-system-010	4.2 malloc 是如何分配内存的？	章节	小林系统	内存管理	学过	待回看	order: 10	[[projects/嵌入式八股/2. 小林图解/图解系统/04｜内存管理篇/4.2 malloc 是如何分配内存的？.md]]	projects/嵌入式八股/2. 小林图解/图解系统/04｜内存管理篇/4.2 malloc 是如何分配内存的？.md	yes
工作台/条目记录/小林系统-011.md	xiaolin-system-011	4.3 内存满了，会发生什么？	章节	小林系统	内存管理	学过	待回看	order: 11	[[projects/嵌入式八股/2. 小林图解/图解系统/04｜内存管理篇/4.3 内存满了，会发生什么？.md]]	projects/嵌入式八股/2. 小林图解/图解系统/04｜内存管理篇/4.3 内存满了，会发生什么？.md	yes
工作台/条目记录/小林系统-012.md	xiaolin-system-012	4.4 在 4GB 物理内存的机器上，申请 8G 内存会怎么样？	章节	小林系统	内存管理	学过	待回看	order: 12	[[projects/嵌入式八股/2. 小林图解/图解系统/04｜内存管理篇/4.4 在 4GB 物理内存的机器上，申请 8G 内存会怎么样？.md]]	projects/嵌入式八股/2. 小林图解/图解系统/04｜内存管理篇/4.4 在 4GB 物理内存的机器上，申请 8G 内存会怎么样？.md	yes
工作台/条目记录/小林系统-013.md	xiaolin-system-013	4.5 如何避免预读失效和缓存污染的问题？	章节	小林系统	内存管理	学过	待回看	order: 13	[[projects/嵌入式八股/2. 小林图解/图解系统/04｜内存管理篇/4.5 如何避免预读失效和缓存污染的问题？.md]]	projects/嵌入式八股/2. 小林图解/图解系统/04｜内存管理篇/4.5 如何避免预读失效和缓存污染的问题？.md	yes
工作台/条目记录/小林系统-014.md	xiaolin-system-014	4.6 深入理解 Linux 虚拟内存管理	章节	小林系统	内存管理	学过	待回看	order: 14	[[projects/嵌入式八股/2. 小林图解/图解系统/04｜内存管理篇/4.6 深入理解 Linux 虚拟内存管理.md]]	projects/嵌入式八股/2. 小林图解/图解系统/04｜内存管理篇/4.6 深入理解 Linux 虚拟内存管理.md	yes
工作台/条目记录/小林系统-015.md	xiaolin-system-015	4.7 深入理解 Linux 物理内存管理	章节	小林系统	内存管理	学过	待回看	order: 15	[[projects/嵌入式八股/2. 小林图解/图解系统/04｜内存管理篇/4.7 深入理解 Linux 物理内存管理.md]]	projects/嵌入式八股/2. 小林图解/图解系统/04｜内存管理篇/4.7 深入理解 Linux 物理内存管理.md	yes
工作台/条目记录/小林系统-016.md	xiaolin-system-016	5.1 进程、线程基础知识	章节	小林系统	进程与线程	学过	待回看	order: 16	[[projects/嵌入式八股/2. 小林图解/图解系统/05｜进程管理篇/5.1 进程、线程基础知识.md]]	projects/嵌入式八股/2. 小林图解/图解系统/05｜进程管理篇/5.1 进程、线程基础知识.md	yes
工作台/条目记录/小林系统-017.md	xiaolin-system-017	5.2 进程间有哪些通信方式？	章节	小林系统	进程与线程	学过	待回看	order: 17	[[projects/嵌入式八股/2. 小林图解/图解系统/05｜进程管理篇/5.2 进程间有哪些通信方式？.md]]	projects/嵌入式八股/2. 小林图解/图解系统/05｜进程管理篇/5.2 进程间有哪些通信方式？.md	yes
工作台/条目记录/小林系统-018.md	xiaolin-system-018	5.3 多线程冲突了怎么办？	章节	小林系统	进程与线程	学过	待回看	order: 18	[[projects/嵌入式八股/2. 小林图解/图解系统/05｜进程管理篇/5.3 多线程冲突了怎么办？.md]]	projects/嵌入式八股/2. 小林图解/图解系统/05｜进程管理篇/5.3 多线程冲突了怎么办？.md	yes
工作台/条目记录/小林系统-019.md	xiaolin-system-019	5.4 怎么避免死锁？	章节	小林系统	进程与线程	学过	待回看	order: 19	[[projects/嵌入式八股/2. 小林图解/图解系统/05｜进程管理篇/5.4 怎么避免死锁？.md]]	projects/嵌入式八股/2. 小林图解/图解系统/05｜进程管理篇/5.4 怎么避免死锁？.md	yes
工作台/条目记录/小林系统-020.md	xiaolin-system-020	5.5 什么是悲观锁、乐观锁？	章节	小林系统	进程与线程	学过	待回看	order: 20	[[projects/嵌入式八股/2. 小林图解/图解系统/05｜进程管理篇/5.5 什么是悲观锁、乐观锁？.md]]	projects/嵌入式八股/2. 小林图解/图解系统/05｜进程管理篇/5.5 什么是悲观锁、乐观锁？.md	yes
工作台/条目记录/小林系统-021.md	xiaolin-system-021	5.6 一个进程最多可以创建多少个线程？	章节	小林系统	进程与线程	学过	待回看	order: 21	[[projects/嵌入式八股/2. 小林图解/图解系统/05｜进程管理篇/5.6 一个进程最多可以创建多少个线程？.md]]	projects/嵌入式八股/2. 小林图解/图解系统/05｜进程管理篇/5.6 一个进程最多可以创建多少个线程？.md	yes
工作台/条目记录/小林系统-022.md	xiaolin-system-022	5.7 线程崩溃了，进程也会崩溃吗？	章节	小林系统	进程与线程	学过	待回看	order: 22	[[projects/嵌入式八股/2. 小林图解/图解系统/05｜进程管理篇/5.7 线程崩溃了，进程也会崩溃吗？.md]]	projects/嵌入式八股/2. 小林图解/图解系统/05｜进程管理篇/5.7 线程崩溃了，进程也会崩溃吗？.md	yes
工作台/条目记录/小林系统-023.md	xiaolin-system-023	6.1 进程调度／页面置换／磁盘调度算法	章节	小林系统	调度算法	学过	待回看	order: 23	[[projects/嵌入式八股/2. 小林图解/图解系统/06｜调度算法篇/6.1 进程调度／页面置换／磁盘调度算法.md]]	projects/嵌入式八股/2. 小林图解/图解系统/06｜调度算法篇/6.1 进程调度／页面置换／磁盘调度算法.md	yes
工作台/条目记录/小林系统-024.md	xiaolin-system-024	7.1 文件系统全家桶	章节	小林系统	文件系统	学过	待回看	order: 24	[[projects/嵌入式八股/2. 小林图解/图解系统/07｜文件系统篇/7.1 文件系统全家桶.md]]	projects/嵌入式八股/2. 小林图解/图解系统/07｜文件系统篇/7.1 文件系统全家桶.md	yes
工作台/条目记录/小林系统-025.md	xiaolin-system-025	7.2 进程写文件时，进程发生了崩溃，已写入的数据会丢失吗？	章节	小林系统	文件系统	学过	待回看	order: 25	[[projects/嵌入式八股/2. 小林图解/图解系统/07｜文件系统篇/7.2 进程写文件时，进程发生了崩溃，已写入的数据会丢失吗？.md]]	projects/嵌入式八股/2. 小林图解/图解系统/07｜文件系统篇/7.2 进程写文件时，进程发生了崩溃，已写入的数据会丢失吗？.md	yes
工作台/条目记录/小林系统-026.md	xiaolin-system-026	8.1 键盘敲入 A 字母时，操作系统期间发生了什么？	章节	小林系统	设备管理	学过	待回看	order: 26	[[projects/嵌入式八股/2. 小林图解/图解系统/08｜设备管理篇/8.1 键盘敲入 A 字母时，操作系统期间发生了什么？.md]]	projects/嵌入式八股/2. 小林图解/图解系统/08｜设备管理篇/8.1 键盘敲入 A 字母时，操作系统期间发生了什么？.md	yes
工作台/条目记录/小林系统-027.md	xiaolin-system-027	9.1 什么是零拷贝？	章节	小林系统	网络	学过	待回看	order: 27	[[projects/嵌入式八股/2. 小林图解/图解系统/09｜网络系统篇/9.1 什么是零拷贝？.md]]	projects/嵌入式八股/2. 小林图解/图解系统/09｜网络系统篇/9.1 什么是零拷贝？.md	yes
工作台/条目记录/小林系统-028.md	xiaolin-system-028	9.2 I／O 多路复用：select／poll／epoll	章节	小林系统	网络	学过	待回看	order: 28	[[projects/嵌入式八股/2. 小林图解/图解系统/09｜网络系统篇/9.2 I／O 多路复用：select／poll／epoll.md]]	projects/嵌入式八股/2. 小林图解/图解系统/09｜网络系统篇/9.2 I／O 多路复用：select／poll／epoll.md	yes
工作台/条目记录/小林系统-029.md	xiaolin-system-029	9.3 高性能网络模式：Reactor 和 Proactor	章节	小林系统	网络	学过	待回看	order: 29	[[projects/嵌入式八股/2. 小林图解/图解系统/09｜网络系统篇/9.3 高性能网络模式：Reactor 和 Proactor.md]]	projects/嵌入式八股/2. 小林图解/图解系统/09｜网络系统篇/9.3 高性能网络模式：Reactor 和 Proactor.md	yes
工作台/条目记录/小林系统-030.md	xiaolin-system-030	9.4 什么是一致性哈希？	章节	小林系统	网络	学过	待回看	order: 30	[[projects/嵌入式八股/2. 小林图解/图解系统/09｜网络系统篇/9.4 什么是一致性哈希？.md]]	projects/嵌入式八股/2. 小林图解/图解系统/09｜网络系统篇/9.4 什么是一致性哈希？.md	yes
工作台/条目记录/小林系统-031.md	xiaolin-system-031	10.1 如何查看网络的性能指标？	章节	小林系统	Linux命令	学过	待回看	order: 31	[[projects/嵌入式八股/2. 小林图解/图解系统/10｜Linux 命令篇/10.1 如何查看网络的性能指标？.md]]	projects/嵌入式八股/2. 小林图解/图解系统/10｜Linux 命令篇/10.1 如何查看网络的性能指标？.md	yes
工作台/条目记录/小林系统-032.md	xiaolin-system-032	10.2 如何从日志分析 PV、UV？	章节	小林系统	Linux命令	学过	待回看	order: 32	[[projects/嵌入式八股/2. 小林图解/图解系统/10｜Linux 命令篇/10.2 如何从日志分析 PV、UV？.md]]	projects/嵌入式八股/2. 小林图解/图解系统/10｜Linux 命令篇/10.2 如何从日志分析 PV、UV？.md	yes
工作台/条目记录/小林系统-033.md	xiaolin-system-033	11.1 操作系统怎么学？	章节	小林系统	学习方法	学过	待回看	order: 33	[[projects/嵌入式八股/2. 小林图解/图解系统/11｜学习心得/11.1 操作系统怎么学？.md]]	projects/嵌入式八股/2. 小林图解/图解系统/11｜学习心得/11.1 操作系统怎么学？.md	yes
工作台/条目记录/小林系统-034.md	xiaolin-system-034	11.2 画图经验分享	章节	小林系统	学习方法	学过	待回看	order: 34	[[projects/嵌入式八股/2. 小林图解/图解系统/11｜学习心得/11.2 画图经验分享.md]]	projects/嵌入式八股/2. 小林图解/图解系统/11｜学习心得/11.2 画图经验分享.md	yes
工作台/条目记录/小林系统-035.md	xiaolin-system-035	Linux 系统是如何收发网络包的？	章节	小林系统	网络 / 系统	学过	待回看	order: 35	[[projects/嵌入式八股/2. 小林图解/图解系统/99｜附录/Linux 系统是如何收发网络包的？.md]]	projects/嵌入式八股/2. 小林图解/图解系统/99｜附录/Linux 系统是如何收发网络包的？.md	yes
工作台/条目记录/小林网络-001.md	xiaolin-network-001	2.1 TCP-IP 网络模型有哪几层？	章节	小林网络	网络基础	未学	待回看	order: 1	[[projects/嵌入式八股/2. 小林图解/图解网络/02｜基础篇/2.1 TCP-IP 网络模型有哪几层？.md]]	projects/嵌入式八股/2. 小林图解/图解网络/02｜基础篇/2.1 TCP-IP 网络模型有哪几层？.md	yes
工作台/条目记录/小林网络-002.md	xiaolin-network-002	2.2 键入网址到网页显示，期间发生了什么？	章节	小林网络	网络基础	未学	待回看	order: 2	[[projects/嵌入式八股/2. 小林图解/图解网络/02｜基础篇/2.2 键入网址到网页显示，期间发生了什么？.md]]	projects/嵌入式八股/2. 小林图解/图解网络/02｜基础篇/2.2 键入网址到网页显示，期间发生了什么？.md	yes
工作台/条目记录/小林网络-003.md	xiaolin-network-003	2.3 Linux 系统是如何收发网络包的？	章节	小林网络	网络基础	未学	待回看	order: 3	[[projects/嵌入式八股/2. 小林图解/图解网络/02｜基础篇/2.3 Linux 系统是如何收发网络包的？.md]]	projects/嵌入式八股/2. 小林图解/图解网络/02｜基础篇/2.3 Linux 系统是如何收发网络包的？.md	yes
工作台/条目记录/小林网络-004.md	xiaolin-network-004	3.1 HTTP 常见面试题	章节	小林网络	应用层	未学	待回看	order: 4	[[projects/嵌入式八股/2. 小林图解/图解网络/03｜应用层篇/3.1 HTTP 常见面试题.md]]	projects/嵌入式八股/2. 小林图解/图解网络/03｜应用层篇/3.1 HTTP 常见面试题.md	yes
工作台/条目记录/小林网络-005.md	xiaolin-network-005	3.2 HTTP-1.1 如何优化？	章节	小林网络	应用层	未学	待回看	order: 5	[[projects/嵌入式八股/2. 小林图解/图解网络/03｜应用层篇/3.2 HTTP-1.1 如何优化？.md]]	projects/嵌入式八股/2. 小林图解/图解网络/03｜应用层篇/3.2 HTTP-1.1 如何优化？.md	yes
工作台/条目记录/小林网络-006.md	xiaolin-network-006	3.3 HTTPS RSA 握手解析	章节	小林网络	应用层	未学	待回看	order: 6	[[projects/嵌入式八股/2. 小林图解/图解网络/03｜应用层篇/3.3 HTTPS RSA 握手解析.md]]	projects/嵌入式八股/2. 小林图解/图解网络/03｜应用层篇/3.3 HTTPS RSA 握手解析.md	yes
工作台/条目记录/小林网络-007.md	xiaolin-network-007	3.4 HTTPS ECDHE 握手解析	章节	小林网络	应用层	未学	待回看	order: 7	[[projects/嵌入式八股/2. 小林图解/图解网络/03｜应用层篇/3.4 HTTPS ECDHE 握手解析.md]]	projects/嵌入式八股/2. 小林图解/图解网络/03｜应用层篇/3.4 HTTPS ECDHE 握手解析.md	yes
工作台/条目记录/小林网络-008.md	xiaolin-network-008	3.5 HTTPS 如何优化？	章节	小林网络	应用层	未学	待回看	order: 8	[[projects/嵌入式八股/2. 小林图解/图解网络/03｜应用层篇/3.5 HTTPS 如何优化？.md]]	projects/嵌入式八股/2. 小林图解/图解网络/03｜应用层篇/3.5 HTTPS 如何优化？.md	yes
工作台/条目记录/小林网络-009.md	xiaolin-network-009	3.6 HTTP-2 牛逼在哪？	章节	小林网络	应用层	未学	待回看	order: 9	[[projects/嵌入式八股/2. 小林图解/图解网络/03｜应用层篇/3.6 HTTP-2 牛逼在哪？.md]]	projects/嵌入式八股/2. 小林图解/图解网络/03｜应用层篇/3.6 HTTP-2 牛逼在哪？.md	yes
工作台/条目记录/小林网络-010.md	xiaolin-network-010	3.7 HTTP-3 强势来袭	章节	小林网络	应用层	未学	待回看	order: 10	[[projects/嵌入式八股/2. 小林图解/图解网络/03｜应用层篇/3.7 HTTP-3 强势来袭.md]]	projects/嵌入式八股/2. 小林图解/图解网络/03｜应用层篇/3.7 HTTP-3 强势来袭.md	yes
工作台/条目记录/小林网络-011.md	xiaolin-network-011	3.8 既然有 HTTP 协议，为什么还要有 RPC？	章节	小林网络	应用层	未学	待回看	order: 11	[[projects/嵌入式八股/2. 小林图解/图解网络/03｜应用层篇/3.8 既然有 HTTP 协议，为什么还要有 RPC？.md]]	projects/嵌入式八股/2. 小林图解/图解网络/03｜应用层篇/3.8 既然有 HTTP 协议，为什么还要有 RPC？.md	yes
工作台/条目记录/小林网络-012.md	xiaolin-network-012	3.9 既然有 HTTP 协议，为什么还要有 WebSocket？	章节	小林网络	应用层	未学	待回看	order: 12	[[projects/嵌入式八股/2. 小林图解/图解网络/03｜应用层篇/3.9 既然有 HTTP 协议，为什么还要有 WebSocket？.md]]	projects/嵌入式八股/2. 小林图解/图解网络/03｜应用层篇/3.9 既然有 HTTP 协议，为什么还要有 WebSocket？.md	yes
工作台/条目记录/小林网络-013.md	xiaolin-network-013	4.1 TCP 三次握手与四次挥手面试题	章节	小林网络	传输层	未学	待回看	order: 13	[[projects/嵌入式八股/2. 小林图解/图解网络/04｜传输层篇/4.1 TCP 三次握手与四次挥手面试题.md]]	projects/嵌入式八股/2. 小林图解/图解网络/04｜传输层篇/4.1 TCP 三次握手与四次挥手面试题.md	yes
工作台/条目记录/小林网络-014.md	xiaolin-network-014	4.2 TCP 重传、滑动窗口、流量控制、拥塞控制	章节	小林网络	传输层	未学	待回看	order: 14	[[projects/嵌入式八股/2. 小林图解/图解网络/04｜传输层篇/4.2 TCP 重传、滑动窗口、流量控制、拥塞控制.md]]	projects/嵌入式八股/2. 小林图解/图解网络/04｜传输层篇/4.2 TCP 重传、滑动窗口、流量控制、拥塞控制.md	yes
工作台/条目记录/小林网络-015.md	xiaolin-network-015	4.3 TCP 实战抓包分析	章节	小林网络	传输层	未学	待回看	order: 15	[[projects/嵌入式八股/2. 小林图解/图解网络/04｜传输层篇/4.3 TCP 实战抓包分析.md]]	projects/嵌入式八股/2. 小林图解/图解网络/04｜传输层篇/4.3 TCP 实战抓包分析.md	yes
工作台/条目记录/小林网络-016.md	xiaolin-network-016	4.4 TCP 半连接队列和全连接队列	章节	小林网络	传输层	未学	待回看	order: 16	[[projects/嵌入式八股/2. 小林图解/图解网络/04｜传输层篇/4.4 TCP 半连接队列和全连接队列.md]]	projects/嵌入式八股/2. 小林图解/图解网络/04｜传输层篇/4.4 TCP 半连接队列和全连接队列.md	yes
工作台/条目记录/小林网络-017.md	xiaolin-network-017	4.5 如何优化 TCP？	章节	小林网络	传输层	未学	待回看	order: 17	[[projects/嵌入式八股/2. 小林图解/图解网络/04｜传输层篇/4.5 如何优化 TCP？.md]]	projects/嵌入式八股/2. 小林图解/图解网络/04｜传输层篇/4.5 如何优化 TCP？.md	yes
工作台/条目记录/小林网络-018.md	xiaolin-network-018	4.6 如何理解是 TCP 面向字节流协议？	章节	小林网络	传输层	未学	待回看	order: 18	[[projects/嵌入式八股/2. 小林图解/图解网络/04｜传输层篇/4.6 如何理解是 TCP 面向字节流协议？.md]]	projects/嵌入式八股/2. 小林图解/图解网络/04｜传输层篇/4.6 如何理解是 TCP 面向字节流协议？.md	yes
工作台/条目记录/小林网络-019.md	xiaolin-network-019	4.7 为什么 TCP 每次建立连接时，初始化序列号都要不一样呢？	章节	小林网络	传输层	未学	待回看	order: 19	[[projects/嵌入式八股/2. 小林图解/图解网络/04｜传输层篇/4.7 为什么 TCP 每次建立连接时，初始化序列号都要不一样呢？.md]]	projects/嵌入式八股/2. 小林图解/图解网络/04｜传输层篇/4.7 为什么 TCP 每次建立连接时，初始化序列号都要不一样呢？.md	yes
工作台/条目记录/小林网络-020.md	xiaolin-network-020	4.8 SYN 报文什么情况下会被丢弃？	章节	小林网络	传输层	未学	待回看	order: 20	[[projects/嵌入式八股/2. 小林图解/图解网络/04｜传输层篇/4.8 SYN 报文什么情况下会被丢弃？.md]]	projects/嵌入式八股/2. 小林图解/图解网络/04｜传输层篇/4.8 SYN 报文什么情况下会被丢弃？.md	yes
工作台/条目记录/小林网络-021.md	xiaolin-network-021	4.9 已建立连接的TCP，收到SYN会发生什么？	章节	小林网络	传输层	未学	待回看	order: 21	[[projects/嵌入式八股/2. 小林图解/图解网络/04｜传输层篇/4.9 已建立连接的TCP，收到SYN会发生什么？.md]]	projects/嵌入式八股/2. 小林图解/图解网络/04｜传输层篇/4.9 已建立连接的TCP，收到SYN会发生什么？.md	yes
工作台/条目记录/小林网络-022.md	xiaolin-network-022	4.10 四次挥手中收到乱序的 FIN 包会如何处理？	章节	小林网络	传输层	未学	待回看	order: 22	[[projects/嵌入式八股/2. 小林图解/图解网络/04｜传输层篇/4.10 四次挥手中收到乱序的 FIN 包会如何处理？.md]]	projects/嵌入式八股/2. 小林图解/图解网络/04｜传输层篇/4.10 四次挥手中收到乱序的 FIN 包会如何处理？.md	yes
工作台/条目记录/小林网络-023.md	xiaolin-network-023	4.11 在 TIME_WAIT 状态的 TCP 连接，收到 SYN 后会发生什么？	章节	小林网络	传输层	未学	待回看	order: 23	[[projects/嵌入式八股/2. 小林图解/图解网络/04｜传输层篇/4.11 在 TIME_WAIT 状态的 TCP 连接，收到 SYN 后会发生什么？.md]]	projects/嵌入式八股/2. 小林图解/图解网络/04｜传输层篇/4.11 在 TIME_WAIT 状态的 TCP 连接，收到 SYN 后会发生什么？.md	yes
工作台/条目记录/小林网络-024.md	xiaolin-network-024	4.12 TCP 连接，一端断电和进程崩溃有什么区别？	章节	小林网络	传输层	未学	待回看	order: 24	[[projects/嵌入式八股/2. 小林图解/图解网络/04｜传输层篇/4.12 TCP 连接，一端断电和进程崩溃有什么区别？.md]]	projects/嵌入式八股/2. 小林图解/图解网络/04｜传输层篇/4.12 TCP 连接，一端断电和进程崩溃有什么区别？.md	yes
工作台/条目记录/小林网络-025.md	xiaolin-network-025	4.13 拔掉网线后， 原本的 TCP 连接还存在吗？	章节	小林网络	传输层	未学	待回看	order: 25	[[projects/嵌入式八股/2. 小林图解/图解网络/04｜传输层篇/4.13 拔掉网线后， 原本的 TCP 连接还存在吗？.md]]	projects/嵌入式八股/2. 小林图解/图解网络/04｜传输层篇/4.13 拔掉网线后， 原本的 TCP 连接还存在吗？.md	yes
工作台/条目记录/小林网络-026.md	xiaolin-network-026	4.14 tcptwreuse 为什么默认是关闭的？	章节	小林网络	传输层	未学	待回看	order: 26	[[projects/嵌入式八股/2. 小林图解/图解网络/04｜传输层篇/4.14 tcptwreuse 为什么默认是关闭的？.md]]	projects/嵌入式八股/2. 小林图解/图解网络/04｜传输层篇/4.14 tcptwreuse 为什么默认是关闭的？.md	yes
工作台/条目记录/小林网络-027.md	xiaolin-network-027	4.15 HTTPS 中 TLS 和 TCP 能同时握手吗？	章节	小林网络	传输层	未学	待回看	order: 27	[[projects/嵌入式八股/2. 小林图解/图解网络/04｜传输层篇/4.15 HTTPS 中 TLS 和 TCP 能同时握手吗？.md]]	projects/嵌入式八股/2. 小林图解/图解网络/04｜传输层篇/4.15 HTTPS 中 TLS 和 TCP 能同时握手吗？.md	yes
工作台/条目记录/小林网络-028.md	xiaolin-network-028	4.16 TCP Keepalive 和 HTTP Keep-Alive 是一个东西吗？	章节	小林网络	传输层	未学	待回看	order: 28	[[projects/嵌入式八股/2. 小林图解/图解网络/04｜传输层篇/4.16 TCP Keepalive 和 HTTP Keep-Alive 是一个东西吗？.md]]	projects/嵌入式八股/2. 小林图解/图解网络/04｜传输层篇/4.16 TCP Keepalive 和 HTTP Keep-Alive 是一个东西吗？.md	yes
工作台/条目记录/小林网络-029.md	xiaolin-network-029	4.17 TCP 协议有什么缺陷？	章节	小林网络	传输层	未学	待回看	order: 29	[[projects/嵌入式八股/2. 小林图解/图解网络/04｜传输层篇/4.17 TCP 协议有什么缺陷？.md]]	projects/嵌入式八股/2. 小林图解/图解网络/04｜传输层篇/4.17 TCP 协议有什么缺陷？.md	yes
工作台/条目记录/小林网络-030.md	xiaolin-network-030	4.18 如何基于 UDP 协议实现可靠传输？	章节	小林网络	传输层	未学	待回看	order: 30	[[projects/嵌入式八股/2. 小林图解/图解网络/04｜传输层篇/4.18 如何基于 UDP 协议实现可靠传输？.md]]	projects/嵌入式八股/2. 小林图解/图解网络/04｜传输层篇/4.18 如何基于 UDP 协议实现可靠传输？.md	yes
工作台/条目记录/小林网络-031.md	xiaolin-network-031	4.19 TCP 和 UDP 可以使用同一个端口吗？	章节	小林网络	传输层	未学	待回看	order: 31	[[projects/嵌入式八股/2. 小林图解/图解网络/04｜传输层篇/4.19 TCP 和 UDP 可以使用同一个端口吗？.md]]	projects/嵌入式八股/2. 小林图解/图解网络/04｜传输层篇/4.19 TCP 和 UDP 可以使用同一个端口吗？.md	yes
工作台/条目记录/小林网络-032.md	xiaolin-network-032	4.20 服务端没有 listen，客户端发起连接建立，会发生什么？	章节	小林网络	传输层	未学	待回看	order: 32	[[projects/嵌入式八股/2. 小林图解/图解网络/04｜传输层篇/4.20 服务端没有 listen，客户端发起连接建立，会发生什么？.md]]	projects/嵌入式八股/2. 小林图解/图解网络/04｜传输层篇/4.20 服务端没有 listen，客户端发起连接建立，会发生什么？.md	yes
工作台/条目记录/小林网络-033.md	xiaolin-network-033	4.21 没有 accept，能建立 TCP 连接吗？	章节	小林网络	传输层	未学	待回看	order: 33	[[projects/嵌入式八股/2. 小林图解/图解网络/04｜传输层篇/4.21 没有 accept，能建立 TCP 连接吗？.md]]	projects/嵌入式八股/2. 小林图解/图解网络/04｜传输层篇/4.21 没有 accept，能建立 TCP 连接吗？.md	yes
工作台/条目记录/小林网络-034.md	xiaolin-network-034	4.22 用了 TCP 协议，数据一定不会丢吗？	章节	小林网络	传输层	未学	待回看	order: 34	[[projects/嵌入式八股/2. 小林图解/图解网络/04｜传输层篇/4.22 用了 TCP 协议，数据一定不会丢吗？.md]]	projects/嵌入式八股/2. 小林图解/图解网络/04｜传输层篇/4.22 用了 TCP 协议，数据一定不会丢吗？.md	yes
工作台/条目记录/小林网络-035.md	xiaolin-network-035	4.23 TCP 四次挥手，可以变成三次吗？	章节	小林网络	传输层	未学	待回看	order: 35	[[projects/嵌入式八股/2. 小林图解/图解网络/04｜传输层篇/4.23 TCP 四次挥手，可以变成三次吗？.md]]	projects/嵌入式八股/2. 小林图解/图解网络/04｜传输层篇/4.23 TCP 四次挥手，可以变成三次吗？.md	yes
工作台/条目记录/小林网络-036.md	xiaolin-network-036	4.24 TCP 序列号和确认号是如何变化的？	章节	小林网络	传输层	未学	待回看	order: 36	[[projects/嵌入式八股/2. 小林图解/图解网络/04｜传输层篇/4.24 TCP 序列号和确认号是如何变化的？.md]]	projects/嵌入式八股/2. 小林图解/图解网络/04｜传输层篇/4.24 TCP 序列号和确认号是如何变化的？.md	yes
工作台/条目记录/小林网络-037.md	xiaolin-network-037	5.1 IP 基础知识全家桶	章节	小林网络	网络层	未学	待回看	order: 37	[[projects/嵌入式八股/2. 小林图解/图解网络/05｜网络层篇/5.1 IP 基础知识全家桶.md]]	projects/嵌入式八股/2. 小林图解/图解网络/05｜网络层篇/5.1 IP 基础知识全家桶.md	yes
工作台/条目记录/小林网络-038.md	xiaolin-network-038	5.2 ping 的工作原理	章节	小林网络	网络层	未学	待回看	order: 38	[[projects/嵌入式八股/2. 小林图解/图解网络/05｜网络层篇/5.2 ping 的工作原理.md]]	projects/嵌入式八股/2. 小林图解/图解网络/05｜网络层篇/5.2 ping 的工作原理.md	yes
工作台/条目记录/小林网络-039.md	xiaolin-network-039	5.3 断网了，还能 ping 通 127.0.0.1 吗？	章节	小林网络	网络层	未学	待回看	order: 39	[[projects/嵌入式八股/2. 小林图解/图解网络/05｜网络层篇/5.3 断网了，还能 ping 通 127.0.0.1 吗？.md]]	projects/嵌入式八股/2. 小林图解/图解网络/05｜网络层篇/5.3 断网了，还能 ping 通 127.0.0.1 吗？.md	yes
工作台/条目记录/杂七杂八-001.md	misc-001	1.【图解】5种总线协议：UART、RS232、RS485、I²C、SPI	文章	杂七杂八	通信	未学	待回看	order: 1	[[projects/嵌入式八股/3. 杂七杂八/1.【图解】5种总线协议：UART、RS232、RS485、I²C、SPI.md]]	projects/嵌入式八股/3. 杂七杂八/1.【图解】5种总线协议：UART、RS232、RS485、I²C、SPI.md	yes
工作台/条目记录/杂七杂八-002.md	misc-002	2. 从 0 和 1 一步步推导 MCU 通信- 吃透 UART-SPI-I²C-CAN 底层原理	文章	杂七杂八	通信	未学	待回看	order: 2	[[projects/嵌入式八股/3. 杂七杂八/2. 从 0 和 1 一步步推导 MCU 通信- 吃透 UART-SPI-I²C-CAN 底层原理.md]]	projects/嵌入式八股/3. 杂七杂八/2. 从 0 和 1 一步步推导 MCU 通信- 吃透 UART-SPI-I²C-CAN 底层原理.md	yes
工作台/条目记录/杂七杂八-003.md	misc-003	3. 图解 TCP-IP协议，看图秒懂	文章	杂七杂八	网络	未学	待回看	order: 3	[[projects/嵌入式八股/3. 杂七杂八/3. 图解 TCP-IP协议，看图秒懂.md]]	projects/嵌入式八股/3. 杂七杂八/3. 图解 TCP-IP协议，看图秒懂.md	yes
工作台/条目记录/杂七杂八-004.md	misc-004	4. 图解计算机原理- 一文看懂IO 多路复用，select、poll、epoll	文章	杂七杂八	网络	未学	待回看	order: 4	[[projects/嵌入式八股/3. 杂七杂八/4. 图解计算机原理- 一文看懂IO 多路复用，select、poll、epoll.md]]	projects/嵌入式八股/3. 杂七杂八/4. 图解计算机原理- 一文看懂IO 多路复用，select、poll、epoll.md	yes
工作台/条目记录/杂七杂八-005.md	misc-005	5. 嵌入式 ARM Linux 系统架构全解：一文讲透硬件、U-Boot、内核、驱动与应用	文章	杂七杂八	Linux	未学	待回看	order: 5	[[projects/嵌入式八股/3. 杂七杂八/5. 嵌入式 ARM Linux 系统架构全解：一文讲透硬件、U-Boot、内核、驱动与应用.md]]	projects/嵌入式八股/3. 杂七杂八/5. 嵌入式 ARM Linux 系统架构全解：一文讲透硬件、U-Boot、内核、驱动与应用.md	yes
工作台/条目记录/杂七杂八-006.md	misc-006	6. Linux 内核 eBPF 图解：理解内核扩展的核心机制	文章	杂七杂八	Linux	未学	待回看	order: 6	[[projects/嵌入式八股/3. 杂七杂八/6. Linux 内核 eBPF 图解：理解内核扩展的核心机制.md]]	projects/嵌入式八股/3. 杂七杂八/6. Linux 内核 eBPF 图解：理解内核扩展的核心机制.md	yes
工作台/条目记录/杂七杂八-007.md	misc-007	7. 嵌入式系统开发，必知的10个内存管理策略	文章	杂七杂八	C/C++ / 内存	未学	待回看	order: 7	[[projects/嵌入式八股/3. 杂七杂八/7. 嵌入式系统开发，必知的10个内存管理策略.md]]	projects/嵌入式八股/3. 杂七杂八/7. 嵌入式系统开发，必知的10个内存管理策略.md	yes
工作台/条目记录/杂七杂八-008.md	misc-008	8. 一文吃透Linux Socket网络编程：TCP-IP、API详解与高并发架构	文章	杂七杂八	网络	未学	待回看	order: 8	[[projects/嵌入式八股/3. 杂七杂八/8. 一文吃透Linux Socket网络编程：TCP-IP、API详解与高并发架构.md]]	projects/嵌入式八股/3. 杂七杂八/8. 一文吃透Linux Socket网络编程：TCP-IP、API详解与高并发架构.md	yes
工作台/条目记录/杂七杂八-009.md	misc-009	9. 嵌入式 STM32 时钟体系全解：从硬件底层到量产实战	文章	杂七杂八	STM32	未学	待回看	order: 9	[[projects/嵌入式八股/3. 杂七杂八/9. 嵌入式 STM32 时钟体系全解：从硬件底层到量产实战.md]]	projects/嵌入式八股/3. 杂七杂八/9. 嵌入式 STM32 时钟体系全解：从硬件底层到量产实战.md	yes
工作台/条目记录/杂七杂八-010.md	misc-010	10. 嵌入式开发，最值得精通的28个结构体	文章	杂七杂八	C/C++ / 内存	未学	待回看	order: 10	[[projects/嵌入式八股/3. 杂七杂八/10. 嵌入式开发，最值得精通的28个结构体.md]]	projects/嵌入式八股/3. 杂七杂八/10. 嵌入式开发，最值得精通的28个结构体.md	yes
工作台/条目记录/杂七杂八-011.md	misc-011	11. 图解 ADC：工作原理、架构分类与核心性能指标	文章	杂七杂八	通信	未学	待回看	order: 11	[[projects/嵌入式八股/3. 杂七杂八/11. 图解 ADC：工作原理、架构分类与核心性能指标.md]]	projects/嵌入式八股/3. 杂七杂八/11. 图解 ADC：工作原理、架构分类与核心性能指标.md	yes
工作台/条目记录/杂七杂八-012.md	misc-012	12. 图解 UART 异步通信	文章	杂七杂八	通信	未学	待回看	order: 12	[[projects/嵌入式八股/3. 杂七杂八/12. 图解 UART 异步通信.md]]	projects/嵌入式八股/3. 杂七杂八/12. 图解 UART 异步通信.md	yes
工作台/条目记录/杂七杂八-013.md	misc-013	13. Linux 内核如何初始化系统的 PCI 总线和设备	文章	杂七杂八	通信	未学	待回看	order: 13	[[projects/嵌入式八股/3. 杂七杂八/13. Linux 内核如何初始化系统的 PCI 总线和设备.md]]	projects/嵌入式八股/3. 杂七杂八/13. Linux 内核如何初始化系统的 PCI 总线和设备.md	yes
工作台/条目记录/杂七杂八-014.md	misc-014	14. PLC 原理 + 数据类型，工控入门天花板知识点	文章	杂七杂八	综合	未学	待回看	order: 14	[[projects/嵌入式八股/3. 杂七杂八/14. PLC 原理 + 数据类型，工控入门天花板知识点.md]]	projects/嵌入式八股/3. 杂七杂八/14. PLC 原理 + 数据类型，工控入门天花板知识点.md	yes
工作台/条目记录/项目八股-RTOS-A0.md	project-rtos-A0	A0：请介绍一下你的项目。（面试开场稿）	项目题组	项目八股	STM32 / FreeRTOS	学过	待回看	order: 1	[[projects/嵌入式八股/1. 项目八股/RTOS高频面试题.md#A0. 请介绍一下你的项目。（面试开场稿）]]	projects/嵌入式八股/1. 项目八股/RTOS高频面试题.md	yes
工作台/条目记录/项目八股-RTOS-A1.md	project-rtos-A1	A1：为什么在 RTOS 的多任务间通信中，使用互斥量加全局变量的形式？	项目题组	项目八股	STM32 / FreeRTOS	学过	待回看	order: 2	[[projects/嵌入式八股/1. 项目八股/RTOS高频面试题.md#A1. 为什么在 RTOS 的多任务间通信中，使用互斥量加全局变量的形式？]]	projects/嵌入式八股/1. 项目八股/RTOS高频面试题.md	yes
工作台/条目记录/项目八股-RTOS-A10.md	project-rtos-A10	A10：什么是 PID 算法？P、I、D 分别解决什么问题？	项目题组	项目八股	STM32 / FreeRTOS	学过	待回看	order: 11	[[projects/嵌入式八股/1. 项目八股/RTOS高频面试题.md#A10. 什么是 PID 算法？P、I、D 分别解决什么问题？]]	projects/嵌入式八股/1. 项目八股/RTOS高频面试题.md	yes
工作台/条目记录/项目八股-RTOS-A11.md	project-rtos-A11	A11：如何用 C 语言实现面向对象思想？	项目题组	项目八股	STM32 / FreeRTOS	学过	待回看	order: 12	[[projects/嵌入式八股/1. 项目八股/RTOS高频面试题.md#A11. 如何用 C 语言实现面向对象思想？]]	projects/嵌入式八股/1. 项目八股/RTOS高频面试题.md	yes
工作台/条目记录/项目八股-RTOS-A12.md	project-rtos-A12	A12：请说一下 DHT11 单总线协议。	项目题组	项目八股	STM32 / FreeRTOS	学过	待回看	order: 13	[[projects/嵌入式八股/1. 项目八股/RTOS高频面试题.md#A12. 请说一下 DHT11 单总线协议。]]	projects/嵌入式八股/1. 项目八股/RTOS高频面试题.md	yes
工作台/条目记录/项目八股-RTOS-A13.md	project-rtos-A13	A13：请说一下 SPI 的通信原理以及四种工作模式。	项目题组	项目八股	STM32 / FreeRTOS	学过	待回看	order: 14	[[projects/嵌入式八股/1. 项目八股/RTOS高频面试题.md#A13. 请说一下 SPI 的通信原理以及四种工作模式。]]	projects/嵌入式八股/1. 项目八股/RTOS高频面试题.md	yes
工作台/条目记录/项目八股-RTOS-A14.md	project-rtos-A14	A14：请说一下编写 PWM 驱动的步骤。	项目题组	项目八股	STM32 / FreeRTOS	学过	待回看	order: 15	[[projects/嵌入式八股/1. 项目八股/RTOS高频面试题.md#A14. 请说一下编写 PWM 驱动的步骤。]]	projects/嵌入式八股/1. 项目八股/RTOS高频面试题.md	yes
工作台/条目记录/项目八股-RTOS-A15.md	project-rtos-A15	A15：请说一下 FreeRTOS 的任务切换原理。	项目题组	项目八股	STM32 / FreeRTOS	学过	待回看	order: 16	[[projects/嵌入式八股/1. 项目八股/RTOS高频面试题.md#A15. 请说一下 FreeRTOS 的任务切换原理。]]	projects/嵌入式八股/1. 项目八股/RTOS高频面试题.md	yes
工作台/条目记录/项目八股-RTOS-A16.md	project-rtos-A16	A16：什么是优先级反转？如何解决？	项目题组	项目八股	STM32 / FreeRTOS	学过	待回看	order: 17	[[projects/嵌入式八股/1. 项目八股/RTOS高频面试题.md#A16. 什么是优先级反转？如何解决？]]	projects/嵌入式八股/1. 项目八股/RTOS高频面试题.md	yes
工作台/条目记录/项目八股-RTOS-A17.md	project-rtos-A17	A17：RTOS 中的延时函数如何实现调度？	项目题组	项目八股	STM32 / FreeRTOS	学过	待回看	order: 18	[[projects/嵌入式八股/1. 项目八股/RTOS高频面试题.md#A17. RTOS 中的延时函数如何实现调度？]]	projects/嵌入式八股/1. 项目八股/RTOS高频面试题.md	yes
工作台/条目记录/项目八股-RTOS-A18.md	project-rtos-A18	A18：RTOS 中二值信号量与计数信号量有什么区别？	项目题组	项目八股	STM32 / FreeRTOS	学过	待回看	order: 19	[[projects/嵌入式八股/1. 项目八股/RTOS高频面试题.md#A18. RTOS 中二值信号量与计数信号量有什么区别？]]	projects/嵌入式八股/1. 项目八股/RTOS高频面试题.md	yes
工作台/条目记录/项目八股-RTOS-A19.md	project-rtos-A19	A19：请说一下 FreeRTOS 的动态内存管理方式。	项目题组	项目八股	STM32 / FreeRTOS	学过	待回看	order: 20	[[projects/嵌入式八股/1. 项目八股/RTOS高频面试题.md#A19. 请说一下 FreeRTOS 的动态内存管理方式。]]	projects/嵌入式八股/1. 项目八股/RTOS高频面试题.md	yes
工作台/条目记录/项目八股-RTOS-A2.md	project-rtos-A2	A2：为什么本项目不主要采用队列进行任务间通信？	项目题组	项目八股	STM32 / FreeRTOS	学过	待回看	order: 3	[[projects/嵌入式八股/1. 项目八股/RTOS高频面试题.md#A2. 为什么本项目不主要采用队列进行任务间通信？]]	projects/嵌入式八股/1. 项目八股/RTOS高频面试题.md	yes
工作台/条目记录/项目八股-RTOS-A20.md	project-rtos-A20	A20：什么是内存碎片？	项目题组	项目八股	STM32 / FreeRTOS	学过	待回看	order: 21	[[projects/嵌入式八股/1. 项目八股/RTOS高频面试题.md#A20. 什么是内存碎片？]]	projects/嵌入式八股/1. 项目八股/RTOS高频面试题.md	yes
工作台/条目记录/项目八股-RTOS-A21.md	project-rtos-A21	A21：全局变量、静态全局变量和局部变量的存储区域及生命周期有什么区别？	项目题组	项目八股	STM32 / FreeRTOS	学过	待回看	order: 22	[[projects/嵌入式八股/1. 项目八股/RTOS高频面试题.md#A21. 全局变量、静态全局变量和局部变量的存储区域及生命周期有什么区别？]]	projects/嵌入式八股/1. 项目八股/RTOS高频面试题.md	yes
工作台/条目记录/项目八股-RTOS-A22.md	project-rtos-A22	A22：请说一下内存泄漏的原因。	项目题组	项目八股	STM32 / FreeRTOS	学过	待回看	order: 23	[[projects/嵌入式八股/1. 项目八股/RTOS高频面试题.md#A22. 请说一下内存泄漏的原因。]]	projects/嵌入式八股/1. 项目八股/RTOS高频面试题.md	yes
工作台/条目记录/项目八股-RTOS-A23.md	project-rtos-A23	A23：GPIO 配置为输入模式时，上拉和下拉电阻有什么作用？	项目题组	项目八股	STM32 / FreeRTOS	学过	待回看	order: 24	[[projects/嵌入式八股/1. 项目八股/RTOS高频面试题.md#A23. GPIO 配置为输入模式时，上拉和下拉电阻有什么作用？]]	projects/嵌入式八股/1. 项目八股/RTOS高频面试题.md	yes
工作台/条目记录/项目八股-RTOS-A24.md	project-rtos-A24	A24：裸机系统与 RTOS 系统的核心差异是什么？	项目题组	项目八股	STM32 / FreeRTOS	学过	待回看	order: 25	[[projects/嵌入式八股/1. 项目八股/RTOS高频面试题.md#A24. 裸机系统与 RTOS 系统的核心差异是什么？]]	projects/嵌入式八股/1. 项目八股/RTOS高频面试题.md	yes
工作台/条目记录/项目八股-RTOS-A25.md	project-rtos-A25	A25：RTOS 中消息队列的发送与接收过程是什么？队列满或空时如何处理？	项目题组	项目八股	STM32 / FreeRTOS	学过	待回看	order: 26	[[projects/嵌入式八股/1. 项目八股/RTOS高频面试题.md#A25. RTOS 中消息队列的发送与接收过程是什么？队列满或空时如何处理？]]	projects/嵌入式八股/1. 项目八股/RTOS高频面试题.md	yes
工作台/条目记录/项目八股-RTOS-A26.md	project-rtos-A26	A26：请说一下 STM32 的中断响应过程。	项目题组	项目八股	STM32 / FreeRTOS	学过	待回看	order: 27	[[projects/嵌入式八股/1. 项目八股/RTOS高频面试题.md#A26. 请说一下 STM32 的中断响应过程。]]	projects/嵌入式八股/1. 项目八股/RTOS高频面试题.md	yes
工作台/条目记录/项目八股-RTOS-A27.md	project-rtos-A27	A27：RTOS 的内存池机制如何优化内存分配？	项目题组	项目八股	STM32 / FreeRTOS	学过	待回看	order: 28	[[projects/嵌入式八股/1. 项目八股/RTOS高频面试题.md#A27. RTOS 的内存池机制如何优化内存分配？]]	projects/嵌入式八股/1. 项目八股/RTOS高频面试题.md	yes
工作台/条目记录/项目八股-RTOS-A28.md	project-rtos-A28	A28：FreeRTOS 中 ISR 与任务如何安全通信？为什么不建议在 ISR 中直接调用复杂函数？	项目题组	项目八股	STM32 / FreeRTOS	学过	待回看	order: 29	[[projects/嵌入式八股/1. 项目八股/RTOS高频面试题.md#A28. FreeRTOS 中 ISR 与任务如何安全通信？为什么不建议在 ISR 中直接调用复杂函数？]]	projects/嵌入式八股/1. 项目八股/RTOS高频面试题.md	yes
工作台/条目记录/项目八股-RTOS-A29.md	project-rtos-A29	A29：RTOS 任务优先级应如何分配？高优先级任务长期占用 CPU 会有什么问题？	项目题组	项目八股	STM32 / FreeRTOS	学过	待回看	order: 30	[[projects/嵌入式八股/1. 项目八股/RTOS高频面试题.md#A29. RTOS 任务优先级应如何分配？高优先级任务长期占用 CPU 会有什么问题？]]	projects/嵌入式八股/1. 项目八股/RTOS高频面试题.md	yes
工作台/条目记录/项目八股-RTOS-A3.md	project-rtos-A3	A3：请说一下堆和栈的区别。	项目题组	项目八股	STM32 / FreeRTOS	学过	待回看	order: 4	[[projects/嵌入式八股/1. 项目八股/RTOS高频面试题.md#A3. 请说一下堆和栈的区别。]]	projects/嵌入式八股/1. 项目八股/RTOS高频面试题.md	yes
工作台/条目记录/项目八股-RTOS-A30.md	project-rtos-A30	A30：固件升级时突然断电，再次上电如何保证系统恢复并重新升级？	项目题组	项目八股	STM32 / FreeRTOS	学过	待回看	order: 31	[[projects/嵌入式八股/1. 项目八股/RTOS高频面试题.md#A30. 固件升级时突然断电，再次上电如何保证系统恢复并重新升级？]]	projects/嵌入式八股/1. 项目八股/RTOS高频面试题.md	yes
工作台/条目记录/项目八股-RTOS-A4.md	project-rtos-A4	A4：FreeRTOS 任务栈大小的单位是字还是字节？栈溢出会造成什么风险？	项目题组	项目八股	STM32 / FreeRTOS	学过	待回看	order: 5	[[projects/嵌入式八股/1. 项目八股/RTOS高频面试题.md#A4. FreeRTOS 任务栈大小的单位是字还是字节？栈溢出会造成什么风险？]]	projects/嵌入式八股/1. 项目八股/RTOS高频面试题.md	yes
工作台/条目记录/项目八股-RTOS-A5.md	project-rtos-A5	A5：请说一下 FreeRTOS 的启动流程。	项目题组	项目八股	STM32 / FreeRTOS	学过	待回看	order: 6	[[projects/嵌入式八股/1. 项目八股/RTOS高频面试题.md#A5. 请说一下 FreeRTOS 的启动流程。]]	projects/嵌入式八股/1. 项目八股/RTOS高频面试题.md	yes
工作台/条目记录/项目八股-RTOS-A6.md	project-rtos-A6	A6：什么是 Bootloader？STM32 的上电启动流程是怎样的？	项目题组	项目八股	STM32 / FreeRTOS	学过	待回看	order: 7	[[projects/嵌入式八股/1. 项目八股/RTOS高频面试题.md#A6. 什么是 Bootloader？STM32 的上电启动流程是怎样的？]]	projects/嵌入式八股/1. 项目八股/RTOS高频面试题.md	yes
工作台/条目记录/项目八股-RTOS-A7.md	project-rtos-A7	A7：移植 FreeRTOS 时需要配置或修改哪些文件？	项目题组	项目八股	STM32 / FreeRTOS	学过	待回看	order: 8	[[projects/嵌入式八股/1. 项目八股/RTOS高频面试题.md#A7. 移植 FreeRTOS 时需要配置或修改哪些文件？]]	projects/嵌入式八股/1. 项目八股/RTOS高频面试题.md	yes
工作台/条目记录/项目八股-RTOS-A8.md	project-rtos-A8	A8：请说一下直流有刷电机的驱动原理。	项目题组	项目八股	STM32 / FreeRTOS	学过	待回看	order: 9	[[projects/嵌入式八股/1. 项目八股/RTOS高频面试题.md#A8. 请说一下直流有刷电机的驱动原理。]]	projects/嵌入式八股/1. 项目八股/RTOS高频面试题.md	yes
工作台/条目记录/项目八股-RTOS-A9.md	project-rtos-A9	A9：请说一下编码器测速的原理。	项目题组	项目八股	STM32 / FreeRTOS	学过	待回看	order: 10	[[projects/嵌入式八股/1. 项目八股/RTOS高频面试题.md#A9. 请说一下编码器测速的原理。]]	projects/嵌入式八股/1. 项目八股/RTOS高频面试题.md	yes
工作台/条目记录/项目八股-内存-001.md	project-memory-001	第1题：Tracepoint 和 kprobe 的原理分别是什么？它们在稳定性、灵活性、参数获取方式和适用场景上有什么区别？	项目题组	项目八股	Linux / 内存	学过	待回看	order: 1	[[projects/嵌入式八股/1. 项目八股/Linux物理内存碎片高频面试题.md#第 1 题：Tracepoint 和 kprobe 的原理分别是什么？它们在稳定性、灵活性、参数获取方式和适用场景上有什么区别？]]	projects/嵌入式八股/1. 项目八股/Linux物理内存碎片高频面试题.md	yes
工作台/条目记录/项目八股-内存-002.md	project-memory-002	第2题：为什么这个项目同时使用 Tracepoint 和 kprobe，而不是只用其中一种？	项目题组	项目八股	Linux / 内存	学过	待回看	order: 2	[[projects/嵌入式八股/1. 项目八股/Linux物理内存碎片高频面试题.md#第 2 题：为什么这个项目同时使用 Tracepoint 和 kprobe，而不是只用其中一种？]]	projects/嵌入式八股/1. 项目八股/Linux物理内存碎片高频面试题.md	yes
工作台/条目记录/项目八股-内存-003.md	project-memory-003	第3题：为什么 mm_page_alloc_extfrag 适合用 Tracepoint 挂载？它什么时候会被内核触发？	项目题组	项目八股	Linux / 内存	学过	待回看	order: 3	[[projects/嵌入式八股/1. 项目八股/Linux物理内存碎片高频面试题.md#第 3 题：为什么 mm_page_alloc_extfrag 适合用 Tracepoint 挂载？它什么时候会被内核触发？]]	projects/嵌入式八股/1. 项目八股/Linux物理内存碎片高频面试题.md	yes
工作台/条目记录/项目八股-内存-004.md	project-memory-004	第4题：为什么 get_page_from_freelist 适合用 kprobe 挂载？它在内核内存分配路径中处于什么位置？	项目题组	项目八股	Linux / 内存	学过	待回看	order: 4	[[projects/嵌入式八股/1. 项目八股/Linux物理内存碎片高频面试题.md#第 4 题：为什么 get_page_from_freelist 适合用 kprobe 挂载？它在内核内存分配路径中处于什么位置？]]	projects/嵌入式八股/1. 项目八股/Linux物理内存碎片高频面试题.md	yes
工作台/条目记录/项目八股-内存-005.md	project-memory-005	第5题：mm_page_alloc_extfrag 和 get_page_from_freelist 一个是“事件视角”、一个是“状态视角”，这句话怎么理解？	项目题组	项目八股	Linux / 内存	学过	待回看	order: 5	[[projects/嵌入式八股/1. 项目八股/Linux物理内存碎片高频面试题.md#第 5 题：mm_page_alloc_extfrag 和 get_page_from_freelist 一个是“事件视角”、一个是“状态视角”，这句话怎么理解？]]	projects/嵌入式八股/1. 项目八股/Linux物理内存碎片高频面试题.md	yes
工作台/条目记录/项目八股-内存-006.md	project-memory-006	第6题：eBPF 是什么？为什么它适合做 Linux 内核态监控？	项目题组	项目八股	Linux / 内存	学过	待回看	order: 6	[[projects/嵌入式八股/1. 项目八股/Linux物理内存碎片高频面试题.md#第 6 题：eBPF 是什么？为什么它适合做 Linux 内核态监控？]]	projects/嵌入式八股/1. 项目八股/Linux物理内存碎片高频面试题.md	yes
工作台/条目记录/项目八股-内存-007.md	project-memory-007	第7题：eBPF 程序从编写、编译、加载、校验、挂载到触发执行，完整运行流程是什么？	项目题组	项目八股	Linux / 内存	学过	待回看	order: 7	[[projects/嵌入式八股/1. 项目八股/Linux物理内存碎片高频面试题.md#第 7 题：eBPF 程序从编写、编译、加载、校验、挂载到触发执行，完整运行流程是什么？]]	projects/嵌入式八股/1. 项目八股/Linux物理内存碎片高频面试题.md	yes
工作台/条目记录/项目八股-内存-008.md	project-memory-008	第8题：BCC 在这个项目里具体起什么作用？它如何简化 eBPF 程序的编译、加载、挂载和调试？	项目题组	项目八股	Linux / 内存	学过	待回看	order: 8	[[projects/嵌入式八股/1. 项目八股/Linux物理内存碎片高频面试题.md#第 8 题：BCC 在这个项目里具体起什么作用？它如何简化 eBPF 程序的编译、加载、挂载和调试？]]	projects/嵌入式八股/1. 项目八股/Linux物理内存碎片高频面试题.md	yes
工作台/条目记录/项目八股-内存-009.md	project-memory-009	第9题：eBPF 程序被触发后在内核里做了哪些事情？为什么说它是“被动触发”，不是主动一直运行？	项目题组	项目八股	Linux / 内存	学过	待回看	order: 9	[[projects/嵌入式八股/1. 项目八股/Linux物理内存碎片高频面试题.md#第 9 题：eBPF 程序被触发后在内核里做了哪些事情？为什么说它是“被动触发”，不是主动一直运行？]]	projects/嵌入式八股/1. 项目八股/Linux物理内存碎片高频面试题.md	yes
工作台/条目记录/项目八股-内存-010.md	project-memory-010	第10题：eBPF 程序是如何通过 bpf() 系统调用进入内核并挂载到目标 Tracepoint/kprobe 上的？	项目题组	项目八股	Linux / 内存	学过	待回看	order: 10	[[projects/嵌入式八股/1. 项目八股/Linux物理内存碎片高频面试题.md#第 10 题：eBPF 程序是如何通过 bpf() 系统调用进入内核并挂载到目标 Tracepoint/kprobe 上的？]]	projects/嵌入式八股/1. 项目八股/Linux物理内存碎片高频面试题.md	yes
工作台/条目记录/项目八股-内存-011.md	project-memory-011	第11题：BPF Map 在这个项目里如何实现内核态 eBPF 和用户态 Python 的数据共享？	项目题组	项目八股	Linux / 内存	学过	待回看	order: 11	[[projects/嵌入式八股/1. 项目八股/Linux物理内存碎片高频面试题.md#第 11 题：BPF Map 在这个项目里如何实现内核态 eBPF 和用户态 Python 的数据共享？]]	projects/嵌入式八股/1. 项目八股/Linux物理内存碎片高频面试题.md	yes
工作台/条目记录/项目八股-内存-012.md	project-memory-012	第12题：counts_map、pgdat_map、zone_map、delay_map、last_time_map 分别干什么？	项目题组	项目八股	Linux / 内存	学过	待回看	order: 12	[[projects/嵌入式八股/1. 项目八股/Linux物理内存碎片高频面试题.md#第 12 题：counts_map、pgdat_map、zone_map、delay_map、last_time_map 分别干什么？]]	projects/嵌入式八股/1. 项目八股/Linux物理内存碎片高频面试题.md	yes
工作台/条目记录/项目八股-内存-013.md	project-memory-013	第13题：为什么 counts_map 用 PID 作为 key 聚合外部碎片事件？为什么 zone_map 要按 zone + order 维度统计？	项目题组	项目八股	Linux / 内存	学过	待回看	order: 13	[[projects/嵌入式八股/1. 项目八股/Linux物理内存碎片高频面试题.md#第 13 题：为什么 counts_map 用 PID 作为 key 聚合外部碎片事件？为什么 zone_map 要按 zone + order 维度统计？]]	projects/嵌入式八股/1. 项目八股/Linux物理内存碎片高频面试题.md	yes
工作台/条目记录/项目八股-内存-014.md	project-memory-014	第14题：为什么 eBPF 读取内核结构体时要用 bpf_probe_read_kernel() 或 bpf_probe_read_kernel_str()？直接访问内核指针有什么风险？	项目题组	项目八股	Linux / 内存	学过	待回看	order: 14	[[projects/嵌入式八股/1. 项目八股/Linux物理内存碎片高频面试题.md#第 14 题：为什么 eBPF 读取内核结构体时要用 bpf_probe_read_kernel() 或 bpf_probe_read_kernel_str()？直接访问内核指针有什么风险？]]	projects/嵌入式八股/1. 项目八股/Linux物理内存碎片高频面试题.md	yes
工作台/条目记录/项目八股-内存-015.md	project-memory-015	第15题：Python 在这个项目里是不是核心采集层？exfrag.py 和 exfrag_user.py 分别负责什么？	项目题组	项目八股	Linux / 内存	学过	待回看	order: 15	[[projects/嵌入式八股/1. 项目八股/Linux物理内存碎片高频面试题.md#第 15 题：Python 在这个项目里是不是核心采集层？exfrag.py 和 exfrag_user.py 分别负责什么？]]	projects/嵌入式八股/1. 项目八股/Linux物理内存碎片高频面试题.md	yes
工作台/条目记录/项目八股-内存-016.md	project-memory-016	第16题：BPF(src_file=...)、写入 delay_map、读取 zone_map/counts_map 分别对应项目运行链路中的哪个阶段？	项目题组	项目八股	Linux / 内存	学过	待回看	order: 16	[[projects/嵌入式八股/1. 项目八股/Linux物理内存碎片高频面试题.md#第 16 题：BPF(src_file=...)、写入 delay_map、读取 zone_map/counts_map 分别对应项目运行链路中的哪个阶段？]]	projects/嵌入式八股/1. 项目八股/Linux物理内存碎片高频面试题.md	yes
工作台/条目记录/项目八股-内存-017.md	project-memory-017	第17题：curses 终端动态可视化是怎么做的？页面主要展示哪些内存碎片信息？	项目题组	项目八股	Linux / 内存	学过	待回看	order: 17	[[projects/嵌入式八股/1. 项目八股/Linux物理内存碎片高频面试题.md#第 17 题：curses 终端动态可视化是怎么做的？页面主要展示哪些内存碎片信息？]]	projects/嵌入式八股/1. 项目八股/Linux物理内存碎片高频面试题.md	yes
工作台/条目记录/项目八股-内存-018.md	project-memory-018	第18题：为什么用 curses 做 TUI，而不是普通 print 输出？	项目题组	项目八股	Linux / 内存	学过	待回看	order: 18	[[projects/嵌入式八股/1. 项目八股/Linux物理内存碎片高频面试题.md#第 18 题：为什么用 curses 做 TUI，而不是普通 print 输出？]]	projects/嵌入式八股/1. 项目八股/Linux物理内存碎片高频面试题.md	yes
工作台/条目记录/项目八股-内存-019.md	project-memory-019	第19题：为什么系统”总空闲内存还够”，却仍然可能分配不出大块连续物理内存？	项目题组	项目八股	Linux / 内存	学过	待回看	order: 19	[[projects/嵌入式八股/1. 项目八股/Linux物理内存碎片高频面试题.md#第 19 题：为什么系统”总空闲内存还够”，却仍然可能分配不出大块连续物理内存？]]	projects/嵌入式八股/1. 项目八股/Linux物理内存碎片高频面试题.md	yes
工作台/条目记录/项目八股-内存-020.md	project-memory-020	第20题：伙伴系统、order、zone、node/NUMA 分别是什么？它们和这个项目采集的指标如何对应？	项目题组	项目八股	Linux / 内存	学过	待回看	order: 20	[[projects/嵌入式八股/1. 项目八股/Linux物理内存碎片高频面试题.md#第 20 题：伙伴系统、order、zone、node/NUMA 分别是什么？它们和这个项目采集的指标如何对应？]]	projects/嵌入式八股/1. 项目八股/Linux物理内存碎片高频面试题.md	yes
工作台/条目记录/项目八股-内存-021.md	project-memory-021	第21题：外部碎片、内部碎片、伙伴系统、SLAB/SLUB 之间是什么关系？这个项目主要观测哪一类碎片问题？	项目题组	项目八股	Linux / 内存	学过	待回看	order: 21	[[projects/嵌入式八股/1. 项目八股/Linux物理内存碎片高频面试题.md#第 21 题：外部碎片、内部碎片、伙伴系统、SLAB/SLUB 之间是什么关系？这个项目主要观测哪一类碎片问题？]]	projects/嵌入式八股/1. 项目八股/Linux物理内存碎片高频面试题.md	yes
工作台/条目记录/项目八股-内存-022.md	project-memory-022	第22题：get_page_from_freelist 在 Linux 伙伴系统快速分配路径中起什么作用？它和慢速路径、内存回收、内存规整有什么关系？	项目题组	项目八股	Linux / 内存	学过	待回看	order: 22	[[projects/嵌入式八股/1. 项目八股/Linux物理内存碎片高频面试题.md#第 22 题：get_page_from_freelist 在 Linux 伙伴系统快速分配路径中起什么作用？它和慢速路径、内存回收、内存规整有什么关系？]]	projects/嵌入式八股/1. 项目八股/Linux物理内存碎片高频面试题.md	yes
工作台/条目记录/项目八股-内存-023.md	project-memory-023	第23题：mm_page_alloc_extfrag 捕获的 fallback 事件说明什么？ALLOC_ORDER 和 FALLBACK_ORDER 的差异能反映什么问题？	项目题组	项目八股	Linux / 内存	学过	待回看	order: 23	[[projects/嵌入式八股/1. 项目八股/Linux物理内存碎片高频面试题.md#第 23 题：mm_page_alloc_extfrag 捕获的 fallback 事件说明什么？ALLOC_ORDER 和 FALLBACK_ORDER 的差异能反映什么问题？]]	projects/嵌入式八股/1. 项目八股/Linux物理内存碎片高频面试题.md	yes
工作台/条目记录/项目八股-内存-024.md	project-memory-024	第24题：extfraginfo.c 和 fraginfo.c 分别负责什么？它们和 Linux 内存管理中的事件监控、状态统计分别怎么对应？	项目题组	项目八股	Linux / 内存	学过	待回看	order: 24	[[projects/嵌入式八股/1. 项目八股/Linux物理内存碎片高频面试题.md#第 24 题：extfraginfo.c 和 fraginfo.c 分别负责什么？它们和 Linux 内存管理中的事件监控、状态统计分别怎么对应？]]	projects/嵌入式八股/1. 项目八股/Linux物理内存碎片高频面试题.md	yes
工作台/条目记录/项目八股-内存-025.md	project-memory-025	第25题：fill_contig_page_info() 做了什么？为什么它要遍历所有 order？	项目题组	项目八股	Linux / 内存	学过	待回看	order: 25	[[projects/嵌入式八股/1. 项目八股/Linux物理内存碎片高频面试题.md#第 25 题：fill_contig_page_info() 做了什么？为什么它要遍历所有 order？]]	projects/嵌入式八股/1. 项目八股/Linux物理内存碎片高频面试题.md	yes
工作台/条目记录/项目八股-内存-026.md	project-memory-026	第26题：free_pages、free_blocks_total、free_blocks_suitable 分别代表什么？	项目题组	项目八股	Linux / 内存	学过	待回看	order: 26	[[projects/嵌入式八股/1. 项目八股/Linux物理内存碎片高频面试题.md#第 26 题：free_pages、free_blocks_total、free_blocks_suitable 分别代表什么？]]	projects/嵌入式八股/1. 项目八股/Linux物理内存碎片高频面试题.md	yes
工作台/条目记录/项目八股-内存-027.md	project-memory-027	第27题：free_blocks_suitable 为什么不能只简单统计 order >= suitable_order 的块数，而要按高阶块折算？	项目题组	项目八股	Linux / 内存	学过	待回看	order: 27	[[projects/嵌入式八股/1. 项目八股/Linux物理内存碎片高频面试题.md#第 27 题：free_blocks_suitable 为什么不能只简单统计 order >= suitable_order 的块数，而要按高阶块折算？]]	projects/嵌入式八股/1. 项目八股/Linux物理内存碎片高频面试题.md	yes
工作台/条目记录/项目八股-内存-028.md	project-memory-028	第28题：unusable_free_index 和 extfrag_index 分别衡量什么？为什么需要两个指标，而不是只用一个？	项目题组	项目八股	Linux / 内存	学过	待回看	order: 28	[[projects/嵌入式八股/1. 项目八股/Linux物理内存碎片高频面试题.md#第 28 题：unusable_free_index 和 extfrag_index 分别衡量什么？为什么需要两个指标，而不是只用一个？]]	projects/嵌入式八股/1. 项目八股/Linux物理内存碎片高频面试题.md	yes
工作台/条目记录/项目八股-内存-029.md	project-memory-029	第29题：extfrag_index 中如果 free_blocks_suitable > 0，为什么可以直接返回负值？这个负值表示什么？	项目题组	项目八股	Linux / 内存	学过	待回看	order: 29	[[projects/嵌入式八股/1. 项目八股/Linux物理内存碎片高频面试题.md#第 29 题：extfrag_index 中如果 free_blocks_suitable > 0，为什么可以直接返回负值？这个负值表示什么？]]	projects/嵌入式八股/1. 项目八股/Linux物理内存碎片高频面试题.md	yes
工作台/条目记录/项目八股-内存-030.md	project-memory-030	第30题：如何通过这些指标判断当前问题更像是“内存不足”，还是“外部碎片导致连续页分配困难”？	项目题组	项目八股	Linux / 内存	学过	待回看	order: 30	[[projects/嵌入式八股/1. 项目八股/Linux物理内存碎片高频面试题.md#第 30 题：如何通过这些指标判断当前问题更像是“内存不足”，还是“外部碎片导致连续页分配困难”？]]	projects/嵌入式八股/1. 项目八股/Linux物理内存碎片高频面试题.md	yes
工作台/条目记录/项目八股-内存-031.md	project-memory-031	第31题：请你用 1 分钟介绍这个 Linux 物理内存碎片化可视化监测工具：项目背景是什么、技术栈是什么、核心功能是什么、最终能展示什么？	项目题组	项目八股	Linux / 内存	学过	待回看	order: 31	[[projects/嵌入式八股/1. 项目八股/Linux物理内存碎片高频面试题.md#第 31 题：请你用 1 分钟介绍这个 Linux 物理内存碎片化可视化监测工具：项目背景是什么、技术栈是什么、核心功能是什么、最终能展示什么？]]	projects/嵌入式八股/1. 项目八股/Linux物理内存碎片高频面试题.md	yes
工作台/条目记录/项目八股-内存-032.md	project-memory-032	第32题：从用户执行 Python 程序开始，到 eBPF 在内核中采集数据，再到 curses 终端展示，整个项目的完整运行链路是什么？	项目题组	项目八股	Linux / 内存	学过	待回看	order: 32	[[projects/嵌入式八股/1. 项目八股/Linux物理内存碎片高频面试题.md#第 32 题：从用户执行 Python 程序开始，到 eBPF 在内核中采集数据，再到 curses 终端展示，整个项目的完整运行链路是什么？]]	projects/嵌入式八股/1. 项目八股/Linux物理内存碎片高频面试题.md	yes
工作台/条目记录/项目八股-内存-033.md	project-memory-033	第33题：这个项目相比 /proc/buddyinfo 有什么优势和不足？它更适合解决什么场景下的问题？	项目题组	项目八股	Linux / 内存	学过	待回看	order: 33	[[projects/嵌入式八股/1. 项目八股/Linux物理内存碎片高频面试题.md#第 33 题：这个项目相比 /proc/buddyinfo 有什么优势和不足？它更适合解决什么场景下的问题？]]	projects/嵌入式八股/1. 项目八股/Linux物理内存碎片高频面试题.md	yes
工作台/条目记录/项目八股-内存-034.md	project-memory-034	第34题：这个项目如何控制 eBPF 高频触发带来的性能开销？为什么需要 delay_map 和 last_time_map？	项目题组	项目八股	Linux / 内存	学过	待回看	order: 34	[[projects/嵌入式八股/1. 项目八股/Linux物理内存碎片高频面试题.md#第 34 题：这个项目如何控制 eBPF 高频触发带来的性能开销？为什么需要 delay_map 和 last_time_map？]]	projects/嵌入式八股/1. 项目八股/Linux物理内存碎片高频面试题.md	yes
工作台/条目记录/项目八股-内存-035.md	project-memory-035	第35题：如果让你把这个工具优化成生产环境可长期运行的监控工具，你会从兼容性、性能、数据准确性和可观测性几个方面怎么改？	项目题组	项目八股	Linux / 内存	学过	待回看	order: 35	[[projects/嵌入式八股/1. 项目八股/Linux物理内存碎片高频面试题.md#第 35 题：如果让你把这个工具优化成生产环境可长期运行的监控工具，你会从兼容性、性能、数据准确性和可观测性几个方面怎么改？]]	projects/嵌入式八股/1. 项目八股/Linux物理内存碎片高频面试题.md	yes
工作台/条目记录/项目八股-视觉-Q01.md	project-vision-Q01	Q01：项目解决什么问题？你负责什么？	项目题组	项目八股	Linux / 视觉	学过	待回看	order: 1	[[projects/嵌入式八股/1. 项目八股/linux视觉感知面试题.md#Q01 项目解决什么问题？你负责什么？]]	projects/嵌入式八股/1. 项目八股/linux视觉感知面试题.md	yes
工作台/条目记录/项目八股-视觉-Q02.md	project-vision-Q02	Q02：从点击按钮到显示结果，完整流程是什么？	项目题组	项目八股	Linux / 视觉	学过	待回看	order: 2	[[projects/嵌入式八股/1. 项目八股/linux视觉感知面试题.md#Q02 从点击按钮到显示结果，完整流程是什么？]]	projects/嵌入式八股/1. 项目八股/linux视觉感知面试题.md	yes
工作台/条目记录/项目八股-视觉-Q03.md	project-vision-Q03	Q03：这个项目最难的地方是什么？整体怎么优化？	项目题组	项目八股	Linux / 视觉	学过	待回看	order: 3	[[projects/嵌入式八股/1. 项目八股/linux视觉感知面试题.md#Q03 这个项目最难的地方是什么？整体怎么优化？]]	projects/嵌入式八股/1. 项目八股/linux视觉感知面试题.md	yes
工作台/条目记录/项目八股-视觉-Q04.md	project-vision-Q04	Q04：循环重排、循环展开和 Cacheline 分别是什么？	项目题组	项目八股	Linux / 视觉	学过	待回看	order: 4	[[projects/嵌入式八股/1. 项目八股/linux视觉感知面试题.md#Q04 循环重排、循环展开和 Cacheline 分别是什么？]]	projects/嵌入式八股/1. 项目八股/linux视觉感知面试题.md	yes
工作台/条目记录/项目八股-视觉-Q05.md	project-vision-Q05	Q05：NEON 是什么？项目中怎么使用？	项目题组	项目八股	Linux / 视觉	学过	待回看	order: 5	[[projects/嵌入式八股/1. 项目八股/linux视觉感知面试题.md#Q05 NEON 是什么？项目中怎么使用？]]	projects/嵌入式八股/1. 项目八股/linux视觉感知面试题.md	yes
工作台/条目记录/项目八股-视觉-Q06.md	project-vision-Q06	Q06：OpenMP 与 Pthread 有什么区别？为什么采用 4 线程？	项目题组	项目八股	Linux / 视觉	学过	待回看	order: 6	[[projects/嵌入式八股/1. 项目八股/linux视觉感知面试题.md#Q06 OpenMP 与 Pthread 有什么区别？为什么采用 4 线程？]]	projects/嵌入式八股/1. 项目八股/linux视觉感知面试题.md	yes
工作台/条目记录/项目八股-视觉-Q07.md	project-vision-Q07	Q07：如何证明缓存命中率和性能真的提升？	项目题组	项目八股	Linux / 视觉	学过	待回看	order: 7	[[projects/嵌入式八股/1. 项目八股/linux视觉感知面试题.md#Q07 如何证明缓存命中率和性能真的提升？]]	projects/嵌入式八股/1. 项目八股/linux视觉感知面试题.md	yes
工作台/条目记录/项目八股-视觉-Q08.md	project-vision-Q08	Q08：为什么需要 LIME？它解决什么问题？	项目题组	项目八股	Linux / 视觉	学过	待回看	order: 8	[[projects/嵌入式八股/1. 项目八股/linux视觉感知面试题.md#Q08 为什么需要 LIME？它解决什么问题？]]	projects/嵌入式八股/1. 项目八股/linux视觉感知面试题.md	yes
工作台/条目记录/项目八股-视觉-Q09.md	project-vision-Q09	Q09：如何复现 LIME？Retinex 和 ADMM 怎么解释？	项目题组	项目八股	Linux / 视觉	学过	待回看	order: 9	[[projects/嵌入式八股/1. 项目八股/linux视觉感知面试题.md#Q09 如何复现 LIME？Retinex 和 ADMM 怎么解释？]]	projects/嵌入式八股/1. 项目八股/linux视觉感知面试题.md	yes
工作台/条目记录/项目八股-视觉-Q10.md	project-vision-Q10	Q10：为什么不用 GPU？	项目题组	项目八股	Linux / 视觉	学过	待回看	order: 10	[[projects/嵌入式八股/1. 项目八股/linux视觉感知面试题.md#Q10 为什么不用 GPU？]]	projects/嵌入式八股/1. 项目八股/linux视觉感知面试题.md	yes
工作台/条目记录/项目八股-视觉-Q11.md	project-vision-Q11	Q11：为什么对比 Unet 和 LSTR？	项目题组	项目八股	Linux / 视觉	学过	待回看	order: 11	[[projects/嵌入式八股/1. 项目八股/linux视觉感知面试题.md#Q11 为什么对比 Unet 和 LSTR？]]	projects/嵌入式八股/1. 项目八股/linux视觉感知面试题.md	yes
工作台/条目记录/项目八股-视觉-Q12.md	project-vision-Q12	Q12：深度可分离卷积和量化如何实现轻量化？	项目题组	项目八股	Linux / 视觉	学过	待回看	order: 12	[[projects/嵌入式八股/1. 项目八股/linux视觉感知面试题.md#Q12 深度可分离卷积和量化如何实现轻量化？]]	projects/嵌入式八股/1. 项目八股/linux视觉感知面试题.md	yes
工作台/条目记录/项目八股-视觉-Q13.md	project-vision-Q13	Q13：Unet + NCNN 的部署流程是什么？	项目题组	项目八股	Linux / 视觉	学过	待回看	order: 13	[[projects/嵌入式八股/1. 项目八股/linux视觉感知面试题.md#Q13 Unet + NCNN 的部署流程是什么？]]	projects/嵌入式八股/1. 项目八股/linux视觉感知面试题.md	yes
工作台/条目记录/项目八股-视觉-Q14.md	project-vision-Q14	Q14：LSTR 为什么有双输入、双输出？	项目题组	项目八股	Linux / 视觉	学过	待回看	order: 14	[[projects/嵌入式八股/1. 项目八股/linux视觉感知面试题.md#Q14 LSTR 为什么有双输入、双输出？]]	projects/嵌入式八股/1. 项目八股/linux视觉感知面试题.md	yes
工作台/条目记录/项目八股-视觉-Q15.md	project-vision-Q15	Q15：Qt、QProcess 和资源监控分别怎么工作？	项目题组	项目八股	Linux / 视觉	学过	待回看	order: 15	[[projects/嵌入式八股/1. 项目八股/linux视觉感知面试题.md#Q15 Qt、QProcess 和资源监控分别怎么工作？]]	projects/嵌入式八股/1. 项目八股/linux视觉感知面试题.md	yes
