domain	path	source_class	register_status	existing_skill_evidence	indexed_only	precise_backlink	category	disposition	claim_code_boundary	size_bytes	sha256_16
rtos-project	projects/RTOS项目/基于STM32+FreeRTOS的烟机控制系统文档-Defuddle提取.md	knowledge-document	domain-referenced	no	yes	none	derived-document-unlinked	retain-derived-reading-no-duplicate	Defuddle 提取稿；可作阅读入口，不能与原文重复计数	203034	aff599d88e5a0fc6
rtos-project	projects/RTOS项目/文档/1 入门指南/1.1 项目概述：STM32 + FreeRTOS 油烟机控制系统.md	knowledge-document	domain-referenced	no	yes	none	project-document-unlinked	retain-reference-review	项目设计/说明文档；描述设计意图，源码/配置才决定当前事实	15312	f22301b3613834b9
rtos-project	projects/RTOS项目/文档/2 系统架构与设计/2.2 目录结构与模块职责划分.md	knowledge-document	domain-referenced	no	yes	none	project-document-unlinked	retain-reference-review	项目设计/说明文档；描述设计意图，源码/配置才决定当前事实	16928	b60bfc20d0b283a5
rtos-project	projects/RTOS项目/文档/5 系统功能实现/anti-backflow-animation.html	other-binary-or-config	domain-referenced	no	no	none	interactive-derivative	downgrade-interactive-no-skill	HTML 教学派生物；示例状态不等于源码或硬件实测	25773	9a6ead3cbbbbc310
rtos-project	projects/RTOS项目/源码/BSP/GPIO/gpiox.c	code-or-config	domain-referenced	no	yes	none	project-source-unlinked	retain-reference-review	源码/配置未精确回链；以 project.uvprojx、符号和构建证据确认当前职责	1346	7b0f5657f1515db0
rtos-project	projects/RTOS项目/源码/BSP/GPIO/gpiox.h	code-or-config	domain-referenced	no	yes	none	project-source-unlinked	retain-reference-review	源码/配置未精确回链；以 project.uvprojx、符号和构建证据确认当前职责	631	5701191023261962
rtos-project	projects/RTOS项目/源码/BSP/LCD/FONT.H	code-or-config	domain-referenced	no	yes	none	project-source-unlinked	retain-reference-review	源码/配置未精确回链；以 project.uvprojx、符号和构建证据确认当前职责	34394	52d13186f1b908fa
rtos-project	projects/RTOS项目/源码/BSP/LCD/GUI.h	code-or-config	domain-referenced	no	yes	none	project-source-unlinked	retain-reference-review	源码/配置未精确回链；以 project.uvprojx、符号和构建证据确认当前职责	2797	a2c03db25fa16f61
rtos-project	projects/RTOS项目/源码/BSP/MOTOR/motor.h	code-or-config	domain-referenced	no	yes	none	project-source-unlinked	retain-reference-review	源码/配置未精确回链；以 project.uvprojx、符号和构建证据确认当前职责	1159	17262c6e1f7fb170
rtos-project	projects/RTOS项目/源码/CORE/core_cm3.c	code-or-config	domain-referenced	no	yes	none	project-source-unlinked	retain-reference-review	源码/配置未精确回链；以 project.uvprojx、符号和构建证据确认当前职责	17273	e93a7e36349e7810
rtos-project	projects/RTOS项目/源码/CORE/core_cm3.h	code-or-config	domain-referenced	no	yes	none	project-source-unlinked	retain-reference-review	源码/配置未精确回链；以 project.uvprojx、符号和构建证据确认当前职责	85714	de4668aa9d314d05
rtos-project	projects/RTOS项目/源码/CORE/startup_stm32f10x_hd.s	other-binary-or-config	domain-referenced	no	yes	none	alternate-port-or-heap	retain-variant-no-new-skill	备用启动/port/heap 变体；不能推断当前 target 使用	15503	1ad6e0a965254d4c
rtos-project	projects/RTOS项目/源码/FreeRTOS/croutine.c	code-or-config	domain-referenced	no	yes	none	freertos-core-unlinked	retain-source-reference-review	FreeRTOS 核心/头文件；仅在 target 文件组与符号核对后支撑当前行为	15771	d3cfd0c2decbaba8
rtos-project	projects/RTOS项目/源码/FreeRTOS/event_groups.c	code-or-config	domain-referenced	no	yes	none	freertos-core-unlinked	retain-source-reference-review	FreeRTOS 核心/头文件；仅在 target 文件组与符号核对后支撑当前行为	26251	5f90f6582492b16e
rtos-project	projects/RTOS项目/源码/FreeRTOS/include/FreeRTOS.h	code-or-config	domain-referenced	no	yes	none	freertos-core-unlinked	retain-source-reference-review	FreeRTOS 核心/头文件；仅在 target 文件组与符号核对后支撑当前行为	34726	87d2035d34073834
rtos-project	projects/RTOS项目/源码/FreeRTOS/include/StackMacros.h	code-or-config	domain-referenced	no	yes	none	freertos-core-unlinked	retain-source-reference-review	FreeRTOS 核心/头文件；仅在 target 文件组与符号核对后支撑当前行为	8550	8de3f81b2ab091d3
rtos-project	projects/RTOS项目/源码/FreeRTOS/include/croutine.h	code-or-config	domain-referenced	no	yes	none	freertos-core-unlinked	retain-source-reference-review	FreeRTOS 核心/头文件；仅在 target 文件组与符号核对后支撑当前行为	29133	a74da2025bbbc470
rtos-project	projects/RTOS项目/源码/FreeRTOS/include/deprecated_definitions.h	code-or-config	domain-referenced	no	yes	none	freertos-core-unlinked	retain-source-reference-review	FreeRTOS 核心/头文件；仅在 target 文件组与符号核对后支撑当前行为	10168	ac4d01a500151556
rtos-project	projects/RTOS项目/源码/FreeRTOS/include/event_groups.h	code-or-config	domain-referenced	no	yes	none	freertos-core-unlinked	retain-source-reference-review	FreeRTOS 核心/头文件；仅在 target 文件组与符号核对后支撑当前行为	32882	696a3bf69cba8db6
rtos-project	projects/RTOS项目/源码/FreeRTOS/include/list.h	code-or-config	domain-referenced	no	yes	none	freertos-core-unlinked	retain-source-reference-review	FreeRTOS 核心/头文件；仅在 target 文件组与符号核对后支撑当前行为	21169	fedc7a497f9bcf75
rtos-project	projects/RTOS项目/源码/FreeRTOS/include/mpu_prototypes.h	code-or-config	domain-referenced	no	yes	none	freertos-core-unlinked	retain-source-reference-review	FreeRTOS 核心/头文件；仅在 target 文件组与符号核对后支撑当前行为	12288	1d42f565cb63958f
rtos-project	projects/RTOS项目/源码/FreeRTOS/include/mpu_wrappers.h	code-or-config	domain-referenced	no	yes	none	freertos-core-unlinked	retain-source-reference-review	FreeRTOS 核心/头文件；仅在 target 文件组与符号核对后支撑当前行为	10234	973a6bbafc1b6415
rtos-project	projects/RTOS项目/源码/FreeRTOS/include/portable.h	code-or-config	domain-referenced	no	yes	none	freertos-core-unlinked	retain-source-reference-review	FreeRTOS 核心/头文件；仅在 target 文件组与符号核对后支撑当前行为	8684	cef17f5d93bf6423
rtos-project	projects/RTOS项目/源码/FreeRTOS/include/projdefs.h	code-or-config	domain-referenced	no	yes	none	freertos-core-unlinked	retain-source-reference-review	FreeRTOS 核心/头文件；仅在 target 文件组与符号核对后支撑当前行为	8184	2c5adb8966188f2d
rtos-project	projects/RTOS项目/源码/FreeRTOS/include/queue.h	code-or-config	domain-referenced	no	yes	none	freertos-core-unlinked	retain-source-reference-review	FreeRTOS 核心/头文件；仅在 target 文件组与符号核对后支撑当前行为	67336	09ca388712463be3
rtos-project	projects/RTOS项目/源码/FreeRTOS/include/semphr.h	code-or-config	domain-referenced	no	yes	none	freertos-core-unlinked	retain-source-reference-review	FreeRTOS 核心/头文件；仅在 target 文件组与符号核对后支撑当前行为	50406	f10d9b299357fa80
rtos-project	projects/RTOS项目/源码/FreeRTOS/include/stdint.readme	other-binary-or-config	domain-referenced	no	yes	none	freertos-core-unlinked	retain-source-reference-review	FreeRTOS 核心/头文件；仅在 target 文件组与符号核对后支撑当前行为	850	d445da103d6ff2b8
rtos-project	projects/RTOS项目/源码/FreeRTOS/include/task.h	code-or-config	domain-referenced	no	yes	none	freertos-core-unlinked	retain-source-reference-review	FreeRTOS 核心/头文件；仅在 target 文件组与符号核对后支撑当前行为	95351	b0610dc1a3e35e98
rtos-project	projects/RTOS项目/源码/FreeRTOS/include/timers.h	code-or-config	domain-referenced	no	yes	none	freertos-core-unlinked	retain-source-reference-review	FreeRTOS 核心/头文件；仅在 target 文件组与符号核对后支撑当前行为	62241	a2394c90ee22e03f
rtos-project	projects/RTOS项目/源码/FreeRTOS/list.c	code-or-config	domain-referenced	no	yes	none	freertos-core-unlinked	retain-source-reference-review	FreeRTOS 核心/头文件；仅在 target 文件组与符号核对后支撑当前行为	10993	c2fc08cedee309c4
rtos-project	projects/RTOS项目/源码/FreeRTOS/portable/Keil/See-also-the-RVDS-directory.txt	knowledge-document	domain-referenced	no	yes	none	freertos-core-unlinked	retain-source-reference-review	FreeRTOS 核心/头文件；仅在 target 文件组与符号核对后支撑当前行为	20	d872e8e4176213ea
rtos-project	projects/RTOS项目/源码/FreeRTOS/portable/MemMang/ReadMe.url	other-binary-or-config	domain-referenced	no	yes	none	freertos-core-unlinked	retain-source-reference-review	FreeRTOS 核心/头文件；仅在 target 文件组与符号核对后支撑当前行为	124	0b636696b38f1fa7
rtos-project	projects/RTOS项目/源码/FreeRTOS/portable/MemMang/heap_1.c	code-or-config	domain-referenced	no	yes	none	alternate-port-or-heap	retain-variant-no-new-skill	备用启动/port/heap 变体；不能推断当前 target 使用	7604	b00bf049945a9566
rtos-project	projects/RTOS项目/源码/FreeRTOS/portable/MemMang/heap_2.c	code-or-config	domain-referenced	no	yes	none	alternate-port-or-heap	retain-variant-no-new-skill	备用启动/port/heap 变体；不能推断当前 target 使用	12644	6de30463667e50e7
rtos-project	projects/RTOS项目/源码/FreeRTOS/portable/MemMang/heap_3.c	code-or-config	domain-referenced	no	yes	none	alternate-port-or-heap	retain-variant-no-new-skill	备用启动/port/heap 变体；不能推断当前 target 使用	5510	679a4060d1d0ba15
rtos-project	projects/RTOS项目/源码/FreeRTOS/portable/MemMang/heap_5.c	code-or-config	domain-referenced	no	yes	none	alternate-port-or-heap	retain-variant-no-new-skill	备用启动/port/heap 变体；不能推断当前 target 使用	18801	02425c77f6ed40f0
rtos-project	projects/RTOS项目/源码/FreeRTOS/portable/RVDS/ARM7_LPC21xx/port.c	code-or-config	domain-referenced	no	yes	none	alternate-port-or-heap	retain-variant-no-new-skill	备用启动/port/heap 变体；不能推断当前 target 使用	12713	102c5307bdc1516c
rtos-project	projects/RTOS项目/源码/FreeRTOS/portable/RVDS/ARM7_LPC21xx/portASM.s	other-binary-or-config	domain-referenced	no	yes	none	alternate-port-or-heap	retain-variant-no-new-skill	备用启动/port/heap 变体；不能推断当前 target 使用	5593	848841ea54646f4e
rtos-project	projects/RTOS项目/源码/FreeRTOS/portable/RVDS/ARM7_LPC21xx/portmacro.h	code-or-config	domain-referenced	no	yes	none	alternate-port-or-heap	retain-variant-no-new-skill	备用启动/port/heap 变体；不能推断当前 target 使用	7411	b2f6219b5788e812
rtos-project	projects/RTOS项目/源码/FreeRTOS/portable/RVDS/ARM7_LPC21xx/portmacro.inc	other-binary-or-config	domain-referenced	no	yes	none	alternate-port-or-heap	retain-variant-no-new-skill	备用启动/port/heap 变体；不能推断当前 target 使用	4631	56fb47b2212bd8ef
rtos-project	projects/RTOS项目/源码/FreeRTOS/portable/RVDS/ARM_CA9/port.c	code-or-config	domain-referenced	no	yes	none	alternate-port-or-heap	retain-variant-no-new-skill	备用启动/port/heap 变体；不能推断当前 target 使用	21970	a5e081072558ad64
rtos-project	projects/RTOS项目/源码/FreeRTOS/portable/RVDS/ARM_CA9/portASM.s	other-binary-or-config	domain-referenced	no	yes	none	alternate-port-or-heap	retain-variant-no-new-skill	备用启动/port/heap 变体；不能推断当前 target 使用	6730	ec4f91398bdfb013
rtos-project	projects/RTOS项目/源码/FreeRTOS/portable/RVDS/ARM_CA9/portmacro.h	code-or-config	domain-referenced	no	yes	none	alternate-port-or-heap	retain-variant-no-new-skill	备用启动/port/heap 变体；不能推断当前 target 使用	8667	6f366a5a4f291049
rtos-project	projects/RTOS项目/源码/FreeRTOS/portable/RVDS/ARM_CA9/portmacro.inc	other-binary-or-config	domain-referenced	no	yes	none	alternate-port-or-heap	retain-variant-no-new-skill	备用启动/port/heap 变体；不能推断当前 target 使用	4907	fd4bbf628aa2f4cc
rtos-project	projects/RTOS项目/源码/FreeRTOS/portable/RVDS/ARM_CM0/port.c	code-or-config	domain-referenced	no	yes	none	alternate-port-or-heap	retain-variant-no-new-skill	备用启动/port/heap 变体；不能推断当前 target 使用	12557	ee37c28c1fc42938
rtos-project	projects/RTOS项目/源码/FreeRTOS/portable/RVDS/ARM_CM0/portmacro.h	code-or-config	domain-referenced	no	yes	none	alternate-port-or-heap	retain-variant-no-new-skill	备用启动/port/heap 变体；不能推断当前 target 使用	6785	227537166281cd6a
rtos-project	projects/RTOS项目/源码/FreeRTOS/portable/RVDS/ARM_CM3/portmacro.h	code-or-config	domain-referenced	no	yes	none	freertos-core-unlinked	retain-source-reference-review	FreeRTOS 核心/头文件；仅在 target 文件组与符号核对后支撑当前行为	10963	64b120f93220caf6
rtos-project	projects/RTOS项目/源码/FreeRTOS/portable/RVDS/ARM_CM4F/port.c	code-or-config	domain-referenced	no	yes	none	alternate-port-or-heap	retain-variant-no-new-skill	备用启动/port/heap 变体；不能推断当前 target 使用	29396	f3d0503ea093f738
rtos-project	projects/RTOS项目/源码/FreeRTOS/portable/RVDS/ARM_CM4F/portmacro.h	code-or-config	domain-referenced	no	yes	none	alternate-port-or-heap	retain-variant-no-new-skill	备用启动/port/heap 变体；不能推断当前 target 使用	10669	98e4f392ccffd8da
rtos-project	projects/RTOS项目/源码/FreeRTOS/portable/RVDS/ARM_CM4_MPU/port.c	code-or-config	domain-referenced	no	yes	none	alternate-port-or-heap	retain-variant-no-new-skill	备用启动/port/heap 变体；不能推断当前 target 使用	31750	180795e1043dbae3
rtos-project	projects/RTOS项目/源码/FreeRTOS/portable/RVDS/ARM_CM4_MPU/portmacro.h	code-or-config	domain-referenced	no	yes	none	alternate-port-or-heap	retain-variant-no-new-skill	备用启动/port/heap 变体；不能推断当前 target 使用	12406	e59be1a6eff84176
rtos-project	projects/RTOS项目/源码/FreeRTOS/portable/RVDS/ARM_CM7/ReadMe.txt	knowledge-document	domain-referenced	no	yes	none	alternate-port-or-heap	retain-variant-no-new-skill	备用启动/port/heap 变体；不能推断当前 target 使用	1064	710c88c6d9bfcc46
rtos-project	projects/RTOS项目/源码/FreeRTOS/portable/RVDS/ARM_CM7/r0p1/port.c	code-or-config	domain-referenced	no	yes	none	alternate-port-or-heap	retain-variant-no-new-skill	备用启动/port/heap 变体；不能推断当前 target 使用	28678	7024cbaaa744fd88
rtos-project	projects/RTOS项目/源码/FreeRTOS/portable/RVDS/ARM_CM7/r0p1/portmacro.h	code-or-config	domain-referenced	no	yes	none	alternate-port-or-heap	retain-variant-no-new-skill	备用启动/port/heap 变体；不能推断当前 target 使用	10713	704077a46ef61463
rtos-project	projects/RTOS项目/源码/FreeRTOS/portable/readme.txt	knowledge-document	domain-referenced	no	yes	none	freertos-core-unlinked	retain-source-reference-review	FreeRTOS 核心/头文件；仅在 target 文件组与符号核对后支撑当前行为	866	a9ef32ef258eb814
rtos-project	projects/RTOS项目/源码/FreeRTOS/queue.c	code-or-config	domain-referenced	no	yes	none	freertos-core-unlinked	retain-source-reference-review	FreeRTOS 核心/头文件；仅在 target 文件组与符号核对后支撑当前行为	84664	a321652bb25b1714
rtos-project	projects/RTOS项目/源码/FreeRTOS/readme.txt	knowledge-document	domain-referenced	no	yes	none	freertos-core-unlinked	retain-source-reference-review	FreeRTOS 核心/头文件；仅在 target 文件组与符号核对后支撑当前行为	822	3731131211a6e5eb
rtos-project	projects/RTOS项目/源码/OBJ/ExtDll.iex	build-artifact	evidence-layer	no	no	none	build-or-evidence-artifact	retain-evidence-no-skill	构建/二进制/列表历史证据；可核对身份/布局，不能证明 Flash、启动或运行	19	93ef77447acafaed
rtos-project	projects/RTOS项目/源码/OBJ/PWM.axf	build-artifact	evidence-layer	no	no	none	build-or-evidence-artifact	retain-evidence-no-skill	构建/二进制/列表历史证据；可核对身份/布局，不能证明 Flash、启动或运行	595188	3b5feb966c0b9f64
rtos-project	projects/RTOS项目/源码/OBJ/PWM.bin	build-artifact	evidence-layer	no	no	none	build-or-evidence-artifact	retain-evidence-no-skill	构建/二进制/列表历史证据；可核对身份/布局，不能证明 Flash、启动或运行	61148	7079da38c7515c49
rtos-project	projects/RTOS项目/源码/OBJ/PWM.build_log.htm	build-artifact	evidence-layer	no	no	none	build-or-evidence-artifact	retain-evidence-no-skill	构建/二进制/列表历史证据；可核对身份/布局，不能证明 Flash、启动或运行	2821	c7dcfbda5a44b6cb
rtos-project	projects/RTOS项目/源码/OBJ/PWM.hex	build-artifact	evidence-layer	no	no	none	build-or-evidence-artifact	retain-evidence-no-skill	构建/二进制/列表历史证据；可核对身份/布局，不能证明 Flash、启动或运行	117792	bd62b844db39ea61
rtos-project	projects/RTOS项目/源码/OBJ/PWM.htm	build-artifact	evidence-layer	no	no	none	build-or-evidence-artifact	retain-evidence-no-skill	构建/二进制/列表历史证据；可核对身份/布局，不能证明 Flash、启动或运行	201364	3e6c3ad44f66f811
rtos-project	projects/RTOS项目/源码/OBJ/PWM.lnp	build-artifact	evidence-layer	no	no	none	build-or-evidence-artifact	retain-evidence-no-skill	构建/二进制/列表历史证据；可核对身份/布局，不能证明 Flash、启动或运行	1138	8ddb08012e53b75c
rtos-project	projects/RTOS项目/源码/OBJ/PWM_PWM.dep	build-artifact	evidence-layer	no	no	none	build-or-evidence-artifact	retain-evidence-no-skill	构建/二进制/列表历史证据；可核对身份/布局，不能证明 Flash、启动或运行	104730	a649fa0401ebc118
rtos-project	projects/RTOS项目/源码/OBJ/PWM_liu.dep	build-artifact	evidence-layer	no	no	none	build-or-evidence-artifact	retain-evidence-no-skill	构建/二进制/列表历史证据；可核对身份/布局，不能证明 Flash、启动或运行	104730	264a041b82ec4de8
rtos-project	projects/RTOS项目/源码/OBJ/adc.crf	build-artifact	evidence-layer	no	no	none	build-or-evidence-artifact	retain-evidence-no-skill	构建/二进制/列表历史证据；可核对身份/布局，不能证明 Flash、启动或运行	348980	89a4404ca2b98ea2
rtos-project	projects/RTOS项目/源码/OBJ/adc.d	build-artifact	evidence-layer	no	no	none	build-or-evidence-artifact	retain-evidence-no-skill	构建/二进制/列表历史证据；可核对身份/布局，不能证明 Flash、启动或运行	1638	9a3463d523ffe6d3
rtos-project	projects/RTOS项目/源码/OBJ/adc.o	build-artifact	evidence-layer	no	no	none	build-or-evidence-artifact	retain-evidence-no-skill	构建/二进制/列表历史证据；可核对身份/布局，不能证明 Flash、启动或运行	383916	7e66379f33632d6d
rtos-project	projects/RTOS项目/源码/OBJ/app_tasks.crf	build-artifact	evidence-layer	no	no	none	build-or-evidence-artifact	retain-evidence-no-skill	构建/二进制/列表历史证据；可核对身份/布局，不能证明 Flash、启动或运行	419894	3c0761ecbf7969b0
rtos-project	projects/RTOS项目/源码/OBJ/app_tasks.d	build-artifact	evidence-layer	no	no	none	build-or-evidence-artifact	retain-evidence-no-skill	构建/二进制/列表历史证据；可核对身份/布局，不能证明 Flash、启动或运行	3357	7e8d6c6810f3d86d
rtos-project	projects/RTOS项目/源码/OBJ/app_tasks.o	build-artifact	evidence-layer	no	no	none	build-or-evidence-artifact	retain-evidence-no-skill	构建/二进制/列表历史证据；可核对身份/布局，不能证明 Flash、启动或运行	469448	351bb4a323975430
rtos-project	projects/RTOS项目/源码/OBJ/beep.crf	build-artifact	evidence-layer	no	no	none	build-or-evidence-artifact	retain-evidence-no-skill	构建/二进制/列表历史证据；可核对身份/布局，不能证明 Flash、启动或运行	354613	149d4428f95c3a9c
rtos-project	projects/RTOS项目/源码/OBJ/beep.d	build-artifact	evidence-layer	no	no	none	build-or-evidence-artifact	retain-evidence-no-skill	构建/二进制/列表历史证据；可核对身份/布局，不能证明 Flash、启动或运行	1799	c7ffa618b3e871fe
rtos-project	projects/RTOS项目/源码/OBJ/beep.o	build-artifact	evidence-layer	no	no	none	build-or-evidence-artifact	retain-evidence-no-skill	构建/二进制/列表历史证据；可核对身份/布局，不能证明 Flash、启动或运行	393020	dd83808bb3931b66
rtos-project	projects/RTOS项目/源码/OBJ/core_cm3.crf	build-artifact	evidence-layer	no	no	none	build-or-evidence-artifact	retain-evidence-no-skill	构建/二进制/列表历史证据；可核对身份/布局，不能证明 Flash、启动或运行	3940	a36efb810a1d0cc5
rtos-project	projects/RTOS项目/源码/OBJ/core_cm3.d	build-artifact	evidence-layer	no	no	none	build-or-evidence-artifact	retain-evidence-no-skill	构建/二进制/列表历史证据；可核对身份/布局，不能证明 Flash、启动或运行	102	d0f7c760bb086dbd
rtos-project	projects/RTOS项目/源码/OBJ/core_cm3.o	build-artifact	evidence-layer	no	no	none	build-or-evidence-artifact	retain-evidence-no-skill	构建/二进制/列表历史证据；可核对身份/布局，不能证明 Flash、启动或运行	11460	7bbd95df3505de05
rtos-project	projects/RTOS项目/源码/OBJ/crc32.crf	build-artifact	evidence-layer	no	no	none	build-or-evidence-artifact	retain-evidence-no-skill	构建/二进制/列表历史证据；可核对身份/布局，不能证明 Flash、启动或运行	353339	ccc65d02f9d3bb24
rtos-project	projects/RTOS项目/源码/OBJ/crc32.d	build-artifact	evidence-layer	no	no	none	build-or-evidence-artifact	retain-evidence-no-skill	构建/二进制/列表历史证据；可核对身份/布局，不能证明 Flash、启动或运行	1761	c9c2c7d562d6f30f
rtos-project	projects/RTOS项目/源码/OBJ/crc32.o	build-artifact	evidence-layer	no	no	none	build-or-evidence-artifact	retain-evidence-no-skill	构建/二进制/列表历史证据；可核对身份/布局，不能证明 Flash、启动或运行	388380	efc6de555ad1ac5d
rtos-project	projects/RTOS项目/源码/OBJ/croutine.crf	build-artifact	evidence-layer	no	no	none	build-or-evidence-artifact	retain-evidence-no-skill	构建/二进制/列表历史证据；可核对身份/布局，不能证明 Flash、启动或运行	386814	2695924a854f6dcd
rtos-project	projects/RTOS项目/源码/OBJ/croutine.d	build-artifact	evidence-layer	no	no	none	build-or-evidence-artifact	retain-evidence-no-skill	构建/二进制/列表历史证据；可核对身份/布局，不能证明 Flash、启动或运行	2538	445a9e6024ac9f04
rtos-project	projects/RTOS项目/源码/OBJ/croutine.o	build-artifact	evidence-layer	no	no	none	build-or-evidence-artifact	retain-evidence-no-skill	构建/二进制/列表历史证据；可核对身份/布局，不能证明 Flash、启动或运行	413668	e85af162d4f86a31
rtos-project	projects/RTOS项目/源码/OBJ/delay.crf	build-artifact	evidence-layer	no	no	none	build-or-evidence-artifact	retain-evidence-no-skill	构建/二进制/列表历史证据；可核对身份/布局，不能证明 Flash、启动或运行	386540	dc394e9a2e2ce729
rtos-project	projects/RTOS项目/源码/OBJ/delay.d	build-artifact	evidence-layer	no	no	none	build-or-evidence-artifact	retain-evidence-no-skill	构建/二进制/列表历史证据；可核对身份/布局，不能证明 Flash、启动或运行	2350	3fade3540d7810d9
rtos-project	projects/RTOS项目/源码/OBJ/delay.o	build-artifact	evidence-layer	no	no	none	build-or-evidence-artifact	retain-evidence-no-skill	构建/二进制/列表历史证据；可核对身份/布局，不能证明 Flash、启动或运行	419792	a024488ef9ed45db
rtos-project	projects/RTOS项目/源码/OBJ/dht11.crf	build-artifact	evidence-layer	no	no	none	build-or-evidence-artifact	retain-evidence-no-skill	构建/二进制/列表历史证据；可核对身份/布局，不能证明 Flash、启动或运行	350683	2bba41090f6b18ae
rtos-project	projects/RTOS项目/源码/OBJ/dht11.d	build-artifact	evidence-layer	no	no	none	build-or-evidence-artifact	retain-evidence-no-skill	构建/二进制/列表历史证据；可核对身份/布局，不能证明 Flash、启动或运行	1739	9ae9d4982bfe524d
rtos-project	projects/RTOS项目/源码/OBJ/dht11.o	build-artifact	evidence-layer	no	no	none	build-or-evidence-artifact	retain-evidence-no-skill	构建/二进制/列表历史证据；可核对身份/布局，不能证明 Flash、启动或运行	393196	e2d1781a39911874
rtos-project	projects/RTOS项目/源码/OBJ/dma.crf	build-artifact	evidence-layer	no	no	none	build-or-evidence-artifact	retain-evidence-no-skill	构建/二进制/列表历史证据；可核对身份/布局，不能证明 Flash、启动或运行	349152	de9fcfe65afec4cb
rtos-project	projects/RTOS项目/源码/OBJ/dma.d	build-artifact	evidence-layer	no	no	none	build-or-evidence-artifact	retain-evidence-no-skill	构建/二进制/列表历史证据；可核对身份/布局，不能证明 Flash、启动或运行	1621	42f18cd0a031ad26
rtos-project	projects/RTOS项目/源码/OBJ/dma.o	build-artifact	evidence-layer	no	no	none	build-or-evidence-artifact	retain-evidence-no-skill	构建/二进制/列表历史证据；可核对身份/布局，不能证明 Flash、启动或运行	385364	e517fef1eb179f99
rtos-project	projects/RTOS项目/源码/OBJ/event_groups.crf	build-artifact	evidence-layer	no	no	none	build-or-evidence-artifact	retain-evidence-no-skill	构建/二进制/列表历史证据；可核对身份/布局，不能证明 Flash、启动或运行	399926	44dfcb660cdc1e5f
rtos-project	projects/RTOS项目/源码/OBJ/event_groups.d	build-artifact	evidence-layer	no	no	none	build-or-evidence-artifact	retain-evidence-no-skill	构建/二进制/列表历史证据；可核对身份/布局，不能证明 Flash、启动或运行	2799	4915d222393d400f
rtos-project	projects/RTOS项目/源码/OBJ/event_groups.o	build-artifact	evidence-layer	no	no	none	build-or-evidence-artifact	retain-evidence-no-skill	构建/二进制/列表历史证据；可核对身份/布局，不能证明 Flash、启动或运行	441840	c241e1b7c6461c50
rtos-project	projects/RTOS项目/源码/OBJ/exti.crf	build-artifact	evidence-layer	no	no	none	build-or-evidence-artifact	retain-evidence-no-skill	构建/二进制/列表历史证据；可核对身份/布局，不能证明 Flash、启动或运行	348457	63a3b9941fa0e601
rtos-project	projects/RTOS项目/源码/OBJ/exti.d	build-artifact	evidence-layer	no	no	none	build-or-evidence-artifact	retain-evidence-no-skill	构建/二进制/列表历史证据；可核对身份/布局，不能证明 Flash、启动或运行	1658	47725bd9ca6e5485
rtos-project	projects/RTOS项目/源码/OBJ/exti.o	build-artifact	evidence-layer	no	no	none	build-or-evidence-artifact	retain-evidence-no-skill	构建/二进制/列表历史证据；可核对身份/布局，不能证明 Flash、启动或运行	382124	cb0e43c91b543c4d
rtos-project	projects/RTOS项目/源码/OBJ/gpiox.crf	build-artifact	evidence-layer	no	no	none	build-or-evidence-artifact	retain-evidence-no-skill	构建/二进制/列表历史证据；可核对身份/布局，不能证明 Flash、启动或运行	348949	4273645a9915380d
rtos-project	projects/RTOS项目/源码/OBJ/gpiox.d	build-artifact	evidence-layer	no	no	none	build-or-evidence-artifact	retain-evidence-no-skill	构建/二进制/列表历史证据；可核对身份/布局，不能证明 Flash、启动或运行	1659	a9537ae5013ac811
rtos-project	projects/RTOS项目/源码/OBJ/gpiox.o	build-artifact	evidence-layer	no	no	none	build-or-evidence-artifact	retain-evidence-no-skill	构建/二进制/列表历史证据；可核对身份/布局，不能证明 Flash、启动或运行	385064	919ae5e2932cfc91
rtos-project	projects/RTOS项目/源码/OBJ/gui.crf	build-artifact	evidence-layer	no	no	none	build-or-evidence-artifact	retain-evidence-no-skill	构建/二进制/列表历史证据；可核对身份/布局，不能证明 Flash、启动或运行	369232	8fbbd6535656c650
rtos-project	projects/RTOS项目/源码/OBJ/gui.d	build-artifact	evidence-layer	no	no	none	build-or-evidence-artifact	retain-evidence-no-skill	构建/二进制/列表历史证据；可核对身份/布局，不能证明 Flash、启动或运行	1770	d1476b18c57183b7
rtos-project	projects/RTOS项目/源码/OBJ/gui.o	build-artifact	evidence-layer	no	no	none	build-or-evidence-artifact	retain-evidence-no-skill	构建/二进制/列表历史证据；可核对身份/布局，不能证明 Flash、启动或运行	433260	59a212871c21c6f8
rtos-project	projects/RTOS项目/源码/OBJ/heap_4.crf	build-artifact	evidence-layer	no	no	none	build-or-evidence-artifact	retain-evidence-no-skill	构建/二进制/列表历史证据；可核对身份/布局，不能证明 Flash、启动或运行	392326	1ab8b7022488715d
rtos-project	projects/RTOS项目/源码/OBJ/heap_4.d	build-artifact	evidence-layer	no	no	none	build-or-evidence-artifact	retain-evidence-no-skill	构建/二进制/列表历史证据；可核对身份/布局，不能证明 Flash、启动或运行	2428	d078781a9a6a4638
rtos-project	projects/RTOS项目/源码/OBJ/heap_4.o	build-artifact	evidence-layer	no	no	none	build-or-evidence-artifact	retain-evidence-no-skill	构建/二进制/列表历史证据；可核对身份/布局，不能证明 Flash、启动或运行	425848	48bc95d4420425c6
rtos-project	projects/RTOS项目/源码/OBJ/iap.crf	build-artifact	evidence-layer	no	no	none	build-or-evidence-artifact	retain-evidence-no-skill	构建/二进制/列表历史证据；可核对身份/布局，不能证明 Flash、启动或运行	354801	acdd4f16e6cae80c
rtos-project	projects/RTOS项目/源码/OBJ/iap.d	build-artifact	evidence-layer	no	no	none	build-or-evidence-artifact	retain-evidence-no-skill	构建/二进制/列表历史证据；可核对身份/布局，不能证明 Flash、启动或运行	1766	e49cba8d69e1ec1c
rtos-project	projects/RTOS项目/源码/OBJ/iap.o	build-artifact	evidence-layer	no	no	none	build-or-evidence-artifact	retain-evidence-no-skill	构建/二进制/列表历史证据；可核对身份/布局，不能证明 Flash、启动或运行	389816	16fde229601d1e84
rtos-project	projects/RTOS项目/源码/OBJ/inv_mpu.crf	build-artifact	evidence-layer	no	no	none	build-or-evidence-artifact	retain-evidence-no-skill	构建/二进制/列表历史证据；可核对身份/布局，不能证明 Flash、启动或运行	400583	c1bf8e3154889ce1
rtos-project	projects/RTOS项目/源码/OBJ/inv_mpu.d	build-artifact	evidence-layer	no	no	none	build-or-evidence-artifact	retain-evidence-no-skill	构建/二进制/列表历史证据；可核对身份/布局，不能证明 Flash、启动或运行	2238	7ec86f52af792032
rtos-project	projects/RTOS项目/源码/OBJ/inv_mpu.o	build-artifact	evidence-layer	no	no	none	build-or-evidence-artifact	retain-evidence-no-skill	构建/二进制/列表历史证据；可核对身份/布局，不能证明 Flash、启动或运行	498184	a58707fe29d9ab9f
rtos-project	projects/RTOS项目/源码/OBJ/inv_mpu_dmp_motion_driver.crf	build-artifact	evidence-layer	no	no	none	build-or-evidence-artifact	retain-evidence-no-skill	构建/二进制/列表历史证据；可核对身份/布局，不能证明 Flash、启动或运行	408825	5112efc6c46d9bb8
rtos-project	projects/RTOS项目/源码/OBJ/inv_mpu_dmp_motion_driver.d	build-artifact	evidence-layer	no	no	none	build-or-evidence-artifact	retain-evidence-no-skill	构建/二进制/列表历史证据；可核对身份/布局，不能证明 Flash、启动或运行	2993	7ec926504a594bba
rtos-project	projects/RTOS项目/源码/OBJ/inv_mpu_dmp_motion_driver.o	build-artifact	evidence-layer	no	no	none	build-or-evidence-artifact	retain-evidence-no-skill	构建/二进制/列表历史证据；可核对身份/布局，不能证明 Flash、启动或运行	470844	782145457c827f34
rtos-project	projects/RTOS项目/源码/OBJ/key.crf	build-artifact	evidence-layer	no	no	none	build-or-evidence-artifact	retain-evidence-no-skill	构建/二进制/列表历史证据；可核对身份/布局，不能证明 Flash、启动或运行	388461	1d76341b6e8eeabb
rtos-project	projects/RTOS项目/源码/OBJ/key.d	build-artifact	evidence-layer	no	no	none	build-or-evidence-artifact	retain-evidence-no-skill	构建/二进制/列表历史证据；可核对身份/布局，不能证明 Flash、启动或运行	2281	b0d48b8692b73e7f
rtos-project	projects/RTOS项目/源码/OBJ/key.o	build-artifact	evidence-layer	no	no	none	build-or-evidence-artifact	retain-evidence-no-skill	构建/二进制/列表历史证据；可核对身份/布局，不能证明 Flash、启动或运行	428756	9dc478b90de40799
rtos-project	projects/RTOS项目/源码/OBJ/lcd.crf	build-artifact	evidence-layer	no	no	none	build-or-evidence-artifact	retain-evidence-no-skill	构建/二进制/列表历史证据；可核对身份/布局，不能证明 Flash、启动或运行	358257	9b6dd31dedebf328
rtos-project	projects/RTOS项目/源码/OBJ/lcd.d	build-artifact	evidence-layer	no	no	none	build-or-evidence-artifact	retain-evidence-no-skill	构建/二进制/列表历史证据；可核对身份/布局，不能证明 Flash、启动或运行	1718	1ee4fc2878250c06
rtos-project	projects/RTOS项目/源码/OBJ/lcd.o	build-artifact	evidence-layer	no	no	none	build-or-evidence-artifact	retain-evidence-no-skill	构建/二进制/列表历史证据；可核对身份/布局，不能证明 Flash、启动或运行	406600	e226ed5a77fd49d9
rtos-project	projects/RTOS项目/源码/OBJ/led.crf	build-artifact	evidence-layer	no	no	none	build-or-evidence-artifact	retain-evidence-no-skill	构建/二进制/列表历史证据；可核对身份/布局，不能证明 Flash、启动或运行	353651	e83d2939273a79a5
rtos-project	projects/RTOS项目/源码/OBJ/led.d	build-artifact	evidence-layer	no	no	none	build-or-evidence-artifact	retain-evidence-no-skill	构建/二进制/列表历史证据；可核对身份/布局，不能证明 Flash、启动或运行	1685	29f6738553b3ddaa
rtos-project	projects/RTOS项目/源码/OBJ/led.o	build-artifact	evidence-layer	no	no	none	build-or-evidence-artifact	retain-evidence-no-skill	构建/二进制/列表历史证据；可核对身份/布局，不能证明 Flash、启动或运行	388536	0ac0e88279b9da11
rtos-project	projects/RTOS项目/源码/OBJ/list.crf	build-artifact	evidence-layer	no	no	none	build-or-evidence-artifact	retain-evidence-no-skill	构建/二进制/列表历史证据；可核对身份/布局，不能证明 Flash、启动或运行	382177	1794e7a7b6e5b29a
rtos-project	projects/RTOS项目/源码/OBJ/list.d	build-artifact	evidence-layer	no	no	none	build-or-evidence-artifact	retain-evidence-no-skill	构建/二进制/列表历史证据；可核对身份/布局，不能证明 Flash、启动或运行	2276	1cfe606faf119ba4
rtos-project	projects/RTOS项目/源码/OBJ/list.o	build-artifact	evidence-layer	no	no	none	build-or-evidence-artifact	retain-evidence-no-skill	构建/二进制/列表历史证据；可核对身份/布局，不能证明 Flash、启动或运行	416436	459a100c6c1cd07f
rtos-project	projects/RTOS项目/源码/OBJ/liuweilin_liu.dep	build-artifact	evidence-layer	no	no	none	build-or-evidence-artifact	retain-evidence-no-skill	构建/二进制/列表历史证据；可核对身份/布局，不能证明 Flash、启动或运行	113883	09723b4c85bd196d
rtos-project	projects/RTOS项目/源码/OBJ/main.crf	build-artifact	evidence-layer	no	no	none	build-or-evidence-artifact	retain-evidence-no-skill	构建/二进制/列表历史证据；可核对身份/布局，不能证明 Flash、启动或运行	403781	cc1c11f0f8cae8c5
rtos-project	projects/RTOS项目/源码/OBJ/main.d	build-artifact	evidence-layer	no	no	none	build-or-evidence-artifact	retain-evidence-no-skill	构建/二进制/列表历史证据；可核对身份/布局，不能证明 Flash、启动或运行	2750	cea9e1c2b90d730e
rtos-project	projects/RTOS项目/源码/OBJ/main.o	build-artifact	evidence-layer	no	no	none	build-or-evidence-artifact	retain-evidence-no-skill	构建/二进制/列表历史证据；可核对身份/布局，不能证明 Flash、启动或运行	431720	a005fc18cc1f891b
rtos-project	projects/RTOS项目/源码/OBJ/micro_wave_oven.crf	build-artifact	evidence-layer	no	no	none	build-or-evidence-artifact	retain-evidence-no-skill	构建/二进制/列表历史证据；可核对身份/布局，不能证明 Flash、启动或运行	369602	6d14c55c67eae89b
rtos-project	projects/RTOS项目/源码/OBJ/micro_wave_oven.d	build-artifact	evidence-layer	no	no	none	build-or-evidence-artifact	retain-evidence-no-skill	构建/二进制/列表历史证据；可核对身份/布局，不能证明 Flash、启动或运行	2540	d0cc7e55b6e7cd7e
rtos-project	projects/RTOS项目/源码/OBJ/micro_wave_oven.o	build-artifact	evidence-layer	no	no	none	build-or-evidence-artifact	retain-evidence-no-skill	构建/二进制/列表历史证据；可核对身份/布局，不能证明 Flash、启动或运行	404644	5ee0f01fbb122bb8
rtos-project	projects/RTOS项目/源码/OBJ/misc.crf	build-artifact	evidence-layer	no	no	none	build-or-evidence-artifact	retain-evidence-no-skill	构建/二进制/列表历史证据；可核对身份/布局，不能证明 Flash、启动或运行	347510	95c65f876322a92c
rtos-project	projects/RTOS项目/源码/OBJ/misc.d	build-artifact	evidence-layer	no	no	none	build-or-evidence-artifact	retain-evidence-no-skill	构建/二进制/列表历史证据；可核对身份/布局，不能证明 Flash、启动或运行	1611	6a64ae957b7a5dbc
rtos-project	projects/RTOS项目/源码/OBJ/misc.o	build-artifact	evidence-layer	no	no	none	build-or-evidence-artifact	retain-evidence-no-skill	构建/二进制/列表历史证据；可核对身份/布局，不能证明 Flash、启动或运行	384560	029ef579e82a8ce6
rtos-project	projects/RTOS项目/源码/OBJ/motor.crf	build-artifact	evidence-layer	no	no	none	build-or-evidence-artifact	retain-evidence-no-skill	构建/二进制/列表历史证据；可核对身份/布局，不能证明 Flash、启动或运行	352926	99976260b176d52a
rtos-project	projects/RTOS项目/源码/OBJ/motor.d	build-artifact	evidence-layer	no	no	none	build-or-evidence-artifact	retain-evidence-no-skill	构建/二进制/列表历史证据；可核对身份/布局，不能证明 Flash、启动或运行	1698	43e0f73abd237e92
rtos-project	projects/RTOS项目/源码/OBJ/motor.o	build-artifact	evidence-layer	no	no	none	build-or-evidence-artifact	retain-evidence-no-skill	构建/二进制/列表历史证据；可核对身份/布局，不能证明 Flash、启动或运行	401972	623d4d4c193d6937
rtos-project	projects/RTOS项目/源码/OBJ/mpu6050.crf	build-artifact	evidence-layer	no	no	none	build-or-evidence-artifact	retain-evidence-no-skill	构建/二进制/列表历史证据；可核对身份/布局，不能证明 Flash、启动或运行	359034	9c2fc52615761c7d
rtos-project	projects/RTOS项目/源码/OBJ/mpu6050.d	build-artifact	evidence-layer	no	no	none	build-or-evidence-artifact	retain-evidence-no-skill	构建/二进制/列表历史证据；可核对身份/布局，不能证明 Flash、启动或运行	1938	edbba66d39222a8a
rtos-project	projects/RTOS项目/源码/OBJ/mpu6050.o	build-artifact	evidence-layer	no	no	none	build-or-evidence-artifact	retain-evidence-no-skill	构建/二进制/列表历史证据；可核对身份/布局，不能证明 Flash、启动或运行	406368	b720be83effb182e
rtos-project	projects/RTOS项目/源码/OBJ/mpuiic.crf	build-artifact	evidence-layer	no	no	none	build-or-evidence-artifact	retain-evidence-no-skill	构建/二进制/列表历史证据；可核对身份/布局，不能证明 Flash、启动或运行	351104	1825415ec10154fb
rtos-project	projects/RTOS项目/源码/OBJ/mpuiic.d	build-artifact	evidence-layer	no	no	none	build-or-evidence-artifact	retain-evidence-no-skill	构建/二进制/列表历史证据；可核对身份/布局，不能证明 Flash、启动或运行	1751	8177d5893f6521cc
rtos-project	projects/RTOS项目/源码/OBJ/mpuiic.o	build-artifact	evidence-layer	no	no	none	build-or-evidence-artifact	retain-evidence-no-skill	构建/二进制/列表历史证据；可核对身份/布局，不能证明 Flash、启动或运行	393956	bdfc8e68c5460e7f
rtos-project	projects/RTOS项目/源码/OBJ/mq2.crf	build-artifact	evidence-layer	no	no	none	build-or-evidence-artifact	retain-evidence-no-skill	构建/二进制/列表历史证据；可核对身份/布局，不能证明 Flash、启动或运行	357543	7a6a0f59107b1730
rtos-project	projects/RTOS项目/源码/OBJ/mq2.d	build-artifact	evidence-layer	no	no	none	build-or-evidence-artifact	retain-evidence-no-skill	构建/二进制/列表历史证据；可核对身份/布局，不能证明 Flash、启动或运行	1684	d6aaf7e51cb12600
rtos-project	projects/RTOS项目/源码/OBJ/mq2.o	build-artifact	evidence-layer	no	no	none	build-or-evidence-artifact	retain-evidence-no-skill	构建/二进制/列表历史证据；可核对身份/布局，不能证明 Flash、启动或运行	393660	f0e39998445d1015
rtos-project	projects/RTOS项目/源码/OBJ/myiic.crf	build-artifact	evidence-layer	no	no	none	build-or-evidence-artifact	retain-evidence-no-skill	构建/二进制/列表历史证据；可核对身份/布局，不能证明 Flash、启动或运行	350983	fe43a82faf2be1d6
rtos-project	projects/RTOS项目/源码/OBJ/myiic.d	build-artifact	evidence-layer	no	no	none	build-or-evidence-artifact	retain-evidence-no-skill	构建/二进制/列表历史证据；可核对身份/布局，不能证明 Flash、启动或运行	1708	0534edcfb63b2972
rtos-project	projects/RTOS项目/源码/OBJ/myiic.o	build-artifact	evidence-layer	no	no	none	build-or-evidence-artifact	retain-evidence-no-skill	构建/二进制/列表历史证据；可核对身份/布局，不能证明 Flash、启动或运行	385324	e9ecf071d7a7b13e
rtos-project	projects/RTOS项目/源码/OBJ/os_core.crf	build-artifact	evidence-layer	no	no	none	build-or-evidence-artifact	retain-evidence-no-skill	构建/二进制/列表历史证据；可核对身份/布局，不能证明 Flash、启动或运行	390611	01c822ceb29c4414
rtos-project	projects/RTOS项目/源码/OBJ/os_core.d	build-artifact	evidence-layer	no	no	none	build-or-evidence-artifact	retain-evidence-no-skill	构建/二进制/列表历史证据；可核对身份/布局，不能证明 Flash、启动或运行	2184	4ab2b07b1e731296
rtos-project	projects/RTOS项目/源码/OBJ/os_core.o	build-artifact	evidence-layer	no	no	none	build-or-evidence-artifact	retain-evidence-no-skill	构建/二进制/列表历史证据；可核对身份/布局，不能证明 Flash、启动或运行	417128	40458ae9b60e823f
rtos-project	projects/RTOS项目/源码/OBJ/os_cpu_a.d	build-artifact	evidence-layer	no	no	none	build-or-evidence-artifact	retain-evidence-no-skill	构建/二进制/列表历史证据；可核对身份/布局，不能证明 Flash、启动或运行	48	1489a893a059134c
rtos-project	projects/RTOS项目/源码/OBJ/os_cpu_a.o	build-artifact	evidence-layer	no	no	none	build-or-evidence-artifact	retain-evidence-no-skill	构建/二进制/列表历史证据；可核对身份/布局，不能证明 Flash、启动或运行	2584	018a8a66cb09ea55
rtos-project	projects/RTOS项目/源码/OBJ/os_cpu_c.crf	build-artifact	evidence-layer	no	no	none	build-or-evidence-artifact	retain-evidence-no-skill	构建/二进制/列表历史证据；可核对身份/布局，不能证明 Flash、启动或运行	385178	653fb96d8df06fa9
rtos-project	projects/RTOS项目/源码/OBJ/os_cpu_c.d	build-artifact	evidence-layer	no	no	none	build-or-evidence-artifact	retain-evidence-no-skill	构建/二进制/列表历史证据；可核对身份/布局，不能证明 Flash、启动或运行	2225	f4d12e3b61613a2d
rtos-project	projects/RTOS项目/源码/OBJ/os_cpu_c.o	build-artifact	evidence-layer	no	no	none	build-or-evidence-artifact	retain-evidence-no-skill	构建/二进制/列表历史证据；可核对身份/布局，不能证明 Flash、启动或运行	404904	4d3872d629d4e384
rtos-project	projects/RTOS项目/源码/OBJ/os_dbg.crf	build-artifact	evidence-layer	no	no	none	build-or-evidence-artifact	retain-evidence-no-skill	构建/二进制/列表历史证据；可核对身份/布局，不能证明 Flash、启动或运行	384344	625964b155285ea9
rtos-project	projects/RTOS项目/源码/OBJ/os_dbg.d	build-artifact	evidence-layer	no	no	none	build-or-evidence-artifact	retain-evidence-no-skill	构建/二进制/列表历史证据；可核对身份/布局，不能证明 Flash、启动或运行	2140	eb1106de80e83aa9
rtos-project	projects/RTOS项目/源码/OBJ/os_dbg.o	build-artifact	evidence-layer	no	no	none	build-or-evidence-artifact	retain-evidence-no-skill	构建/二进制/列表历史证据；可核对身份/布局，不能证明 Flash、启动或运行	399948	1c5e6536114e609e
rtos-project	projects/RTOS项目/源码/OBJ/os_dbg_r.crf	build-artifact	evidence-layer	no	no	none	build-or-evidence-artifact	retain-evidence-no-skill	构建/二进制/列表历史证据；可核对身份/布局，不能证明 Flash、启动或运行	384302	005dae292c85fe1a
rtos-project	projects/RTOS项目/源码/OBJ/os_dbg_r.d	build-artifact	evidence-layer	no	no	none	build-or-evidence-artifact	retain-evidence-no-skill	构建/二进制/列表历史证据；可核对身份/布局，不能证明 Flash、启动或运行	2222	a698c02d0854ed9b
rtos-project	projects/RTOS项目/源码/OBJ/os_dbg_r.o	build-artifact	evidence-layer	no	no	none	build-or-evidence-artifact	retain-evidence-no-skill	构建/二进制/列表历史证据；可核对身份/布局，不能证明 Flash、启动或运行	399964	0fd2c873c494b721
rtos-project	projects/RTOS项目/源码/OBJ/os_flag.crf	build-artifact	evidence-layer	no	no	none	build-or-evidence-artifact	retain-evidence-no-skill	构建/二进制/列表历史证据；可核对身份/布局，不能证明 Flash、启动或运行	391555	4075aca25aa551bb
rtos-project	projects/RTOS项目/源码/OBJ/os_flag.d	build-artifact	evidence-layer	no	no	none	build-or-evidence-artifact	retain-evidence-no-skill	构建/二进制/列表历史证据；可核对身份/布局，不能证明 Flash、启动或运行	2181	dac41628d74c4c22
rtos-project	projects/RTOS项目/源码/OBJ/os_flag.o	build-artifact	evidence-layer	no	no	none	build-or-evidence-artifact	retain-evidence-no-skill	构建/二进制/列表历史证据；可核对身份/布局，不能证明 Flash、启动或运行	413484	869ab955fea0fe79
rtos-project	projects/RTOS项目/源码/OBJ/os_mbox.crf	build-artifact	evidence-layer	no	no	none	build-or-evidence-artifact	retain-evidence-no-skill	构建/二进制/列表历史证据；可核对身份/布局，不能证明 Flash、启动或运行	387498	ed9f5f60d23387af
rtos-project	projects/RTOS项目/源码/OBJ/os_mbox.d	build-artifact	evidence-layer	no	no	none	build-or-evidence-artifact	retain-evidence-no-skill	构建/二进制/列表历史证据；可核对身份/布局，不能证明 Flash、启动或运行	2181	b4aa9c06f7a5afe8
rtos-project	projects/RTOS项目/源码/OBJ/os_mbox.o	build-artifact	evidence-layer	no	no	none	build-or-evidence-artifact	retain-evidence-no-skill	构建/二进制/列表历史证据；可核对身份/布局，不能证明 Flash、启动或运行	408428	ae7d21f382f10935
rtos-project	projects/RTOS项目/源码/OBJ/os_mem.crf	build-artifact	evidence-layer	no	no	none	build-or-evidence-artifact	retain-evidence-no-skill	构建/二进制/列表历史证据；可核对身份/布局，不能证明 Flash、启动或运行	384560	84862e9dc88d79e2
rtos-project	projects/RTOS项目/源码/OBJ/os_mem.d	build-artifact	evidence-layer	no	no	none	build-or-evidence-artifact	retain-evidence-no-skill	构建/二进制/列表历史证据；可核对身份/布局，不能证明 Flash、启动或运行	2143	95166c53def5a6e1
rtos-project	projects/RTOS项目/源码/OBJ/os_mem.o	build-artifact	evidence-layer	no	no	none	build-or-evidence-artifact	retain-evidence-no-skill	构建/二进制/列表历史证据；可核对身份/布局，不能证明 Flash、启动或运行	400628	4fef45181f0ccc3c
rtos-project	projects/RTOS项目/源码/OBJ/os_mutex.crf	build-artifact	evidence-layer	no	no	none	build-or-evidence-artifact	retain-evidence-no-skill	构建/二进制/列表历史证据；可核对身份/布局，不能证明 Flash、启动或运行	389018	99935063704830a8
rtos-project	projects/RTOS项目/源码/OBJ/os_mutex.d	build-artifact	evidence-layer	no	no	none	build-or-evidence-artifact	retain-evidence-no-skill	构建/二进制/列表历史证据；可核对身份/布局，不能证明 Flash、启动或运行	2222	09ea57410289e27b
rtos-project	projects/RTOS项目/源码/OBJ/os_mutex.o	build-artifact	evidence-layer	no	no	none	build-or-evidence-artifact	retain-evidence-no-skill	构建/二进制/列表历史证据；可核对身份/布局，不能证明 Flash、启动或运行	409476	829f4e11e4dee9a4
rtos-project	projects/RTOS项目/源码/OBJ/os_q.crf	build-artifact	evidence-layer	no	no	none	build-or-evidence-artifact	retain-evidence-no-skill	构建/二进制/列表历史证据；可核对身份/布局，不能证明 Flash、启动或运行	389304	48e8e9329f05179d
rtos-project	projects/RTOS项目/源码/OBJ/os_q.d	build-artifact	evidence-layer	no	no	none	build-or-evidence-artifact	retain-evidence-no-skill	构建/二进制/列表历史证据；可核对身份/布局，不能证明 Flash、启动或运行	2058	13486978e19ab607
rtos-project	projects/RTOS项目/源码/OBJ/os_q.o	build-artifact	evidence-layer	no	no	none	build-or-evidence-artifact	retain-evidence-no-skill	构建/二进制/列表历史证据；可核对身份/布局，不能证明 Flash、启动或运行	411108	47a1a18fde634999
rtos-project	projects/RTOS项目/源码/OBJ/os_sem.crf	build-artifact	evidence-layer	no	no	none	build-or-evidence-artifact	retain-evidence-no-skill	构建/二进制/列表历史证据；可核对身份/布局，不能证明 Flash、启动或运行	387315	2a0295238bccf4e7
rtos-project	projects/RTOS项目/源码/OBJ/os_sem.d	build-artifact	evidence-layer	no	no	none	build-or-evidence-artifact	retain-evidence-no-skill	构建/二进制/列表历史证据；可核对身份/布局，不能证明 Flash、启动或运行	2140	5d48846e7b95aad7
rtos-project	projects/RTOS项目/源码/OBJ/os_sem.o	build-artifact	evidence-layer	no	no	none	build-or-evidence-artifact	retain-evidence-no-skill	构建/二进制/列表历史证据；可核对身份/布局，不能证明 Flash、启动或运行	408028	f2fc4db87cf69bb8
rtos-project	projects/RTOS项目/源码/OBJ/os_task.crf	build-artifact	evidence-layer	no	no	none	build-or-evidence-artifact	retain-evidence-no-skill	构建/二进制/列表历史证据；可核对身份/布局，不能证明 Flash、启动或运行	391035	bda9ef7b56dd6217
rtos-project	projects/RTOS项目/源码/OBJ/os_task.d	build-artifact	evidence-layer	no	no	none	build-or-evidence-artifact	retain-evidence-no-skill	构建/二进制/列表历史证据；可核对身份/布局，不能证明 Flash、启动或运行	2181	ce822f6e40169517
rtos-project	projects/RTOS项目/源码/OBJ/os_task.o	build-artifact	evidence-layer	no	no	none	build-or-evidence-artifact	retain-evidence-no-skill	构建/二进制/列表历史证据；可核对身份/布局，不能证明 Flash、启动或运行	414984	8d38a5afa0e26570
rtos-project	projects/RTOS项目/源码/OBJ/os_time.crf	build-artifact	evidence-layer	no	no	none	build-or-evidence-artifact	retain-evidence-no-skill	构建/二进制/列表历史证据；可核对身份/布局，不能证明 Flash、启动或运行	385713	a2a870dfbb5d70ca
rtos-project	projects/RTOS项目/源码/OBJ/os_time.d	build-artifact	evidence-layer	no	no	none	build-or-evidence-artifact	retain-evidence-no-skill	构建/二进制/列表历史证据；可核对身份/布局，不能证明 Flash、启动或运行	2181	07ad275cb2d1337b
rtos-project	projects/RTOS项目/源码/OBJ/os_time.o	build-artifact	evidence-layer	no	no	none	build-or-evidence-artifact	retain-evidence-no-skill	构建/二进制/列表历史证据；可核对身份/布局，不能证明 Flash、启动或运行	404832	6e67c2337c3b8d7f
rtos-project	projects/RTOS项目/源码/OBJ/os_tmr.crf	build-artifact	evidence-layer	no	no	none	build-or-evidence-artifact	retain-evidence-no-skill	构建/二进制/列表历史证据；可核对身份/布局，不能证明 Flash、启动或运行	384679	f4c8d8eebc09488f
rtos-project	projects/RTOS项目/源码/OBJ/os_tmr.d	build-artifact	evidence-layer	no	no	none	build-or-evidence-artifact	retain-evidence-no-skill	构建/二进制/列表历史证据；可核对身份/布局，不能证明 Flash、启动或运行	2140	293e63b3be24377a
rtos-project	projects/RTOS项目/源码/OBJ/os_tmr.o	build-artifact	evidence-layer	no	no	none	build-or-evidence-artifact	retain-evidence-no-skill	构建/二进制/列表历史证据；可核对身份/布局，不能证明 Flash、启动或运行	400668	60b717cc3e2535a1
rtos-project	projects/RTOS项目/源码/OBJ/pid.crf	build-artifact	evidence-layer	no	no	none	build-or-evidence-artifact	retain-evidence-no-skill	构建/二进制/列表历史证据；可核对身份/布局，不能证明 Flash、启动或运行	349466	b1b1b803852dc331
rtos-project	projects/RTOS项目/源码/OBJ/pid.d	build-artifact	evidence-layer	no	no	none	build-or-evidence-artifact	retain-evidence-no-skill	构建/二进制/列表历史证据；可核对身份/布局，不能证明 Flash、启动或运行	1589	23e81058b2eb8fc0
rtos-project	projects/RTOS项目/源码/OBJ/pid.o	build-artifact	evidence-layer	no	no	none	build-or-evidence-artifact	retain-evidence-no-skill	构建/二进制/列表历史证据；可核对身份/布局，不能证明 Flash、启动或运行	386556	b5da45d0f55845e5
rtos-project	projects/RTOS项目/源码/OBJ/port.crf	build-artifact	evidence-layer	no	no	none	build-or-evidence-artifact	retain-evidence-no-skill	构建/二进制/列表历史证据；可核对身份/布局，不能证明 Flash、启动或运行	388535	f2210243631d0ac6
rtos-project	projects/RTOS项目/源码/OBJ/port.d	build-artifact	evidence-layer	no	no	none	build-or-evidence-artifact	retain-evidence-no-skill	构建/二进制/列表历史证据；可核对身份/布局，不能证明 Flash、启动或运行	2282	1e0af3ccb4861435
rtos-project	projects/RTOS项目/源码/OBJ/port.o	build-artifact	evidence-layer	no	no	none	build-or-evidence-artifact	retain-evidence-no-skill	构建/二进制/列表历史证据；可核对身份/布局，不能证明 Flash、启动或运行	430816	fd8e5d683b5a978f
rtos-project	projects/RTOS项目/源码/OBJ/project_liu.dep	build-artifact	evidence-layer	no	no	none	build-or-evidence-artifact	retain-evidence-no-skill	构建/二进制/列表历史证据；可核对身份/布局，不能证明 Flash、启动或运行	85291	007dab0141e62bc2
rtos-project	projects/RTOS项目/源码/OBJ/project_project.dep	build-artifact	evidence-layer	no	no	none	build-or-evidence-artifact	retain-evidence-no-skill	构建/二进制/列表历史证据；可核对身份/布局，不能证明 Flash、启动或运行	108616	62ceb051f7602a1b
rtos-project	projects/RTOS项目/源码/OBJ/queue.crf	build-artifact	evidence-layer	no	no	none	build-or-evidence-artifact	retain-evidence-no-skill	构建/二进制/列表历史证据；可核对身份/布局，不能证明 Flash、启动或运行	411522	d1a5b220228a84ba
rtos-project	projects/RTOS项目/源码/OBJ/queue.d	build-artifact	evidence-layer	no	no	none	build-or-evidence-artifact	retain-evidence-no-skill	构建/二进制/列表历史证据；可核对身份/布局，不能证明 Flash、启动或运行	2410	2c530b49f3951bbd
rtos-project	projects/RTOS项目/源码/OBJ/queue.o	build-artifact	evidence-layer	no	no	none	build-or-evidence-artifact	retain-evidence-no-skill	构建/二进制/列表历史证据；可核对身份/布局，不能证明 Flash、启动或运行	485252	a163757943908aa0
rtos-project	projects/RTOS项目/源码/OBJ/spi.crf	build-artifact	evidence-layer	no	no	none	build-or-evidence-artifact	retain-evidence-no-skill	构建/二进制/列表历史证据；可核对身份/布局，不能证明 Flash、启动或运行	348778	70c3c148868d71b3
rtos-project	projects/RTOS项目/源码/OBJ/spi.d	build-artifact	evidence-layer	no	no	none	build-or-evidence-artifact	retain-evidence-no-skill	构建/二进制/列表历史证据；可核对身份/布局，不能证明 Flash、启动或运行	1589	ec284c9b8fe9d887
rtos-project	projects/RTOS项目/源码/OBJ/spi.o	build-artifact	evidence-layer	no	no	none	build-or-evidence-artifact	retain-evidence-no-skill	构建/二进制/列表历史证据；可核对身份/布局，不能证明 Flash、启动或运行	384696	2e5f1ead3a976a83
rtos-project	projects/RTOS项目/源码/OBJ/startup_stm32f10x_hd.d	build-artifact	evidence-layer	no	no	none	build-or-evidence-artifact	retain-evidence-no-skill	构建/二进制/列表历史证据；可核对身份/布局，不能证明 Flash、启动或运行	63	175fd551d8813055
rtos-project	projects/RTOS项目/源码/OBJ/startup_stm32f10x_hd.o	build-artifact	evidence-layer	no	no	none	build-or-evidence-artifact	retain-evidence-no-skill	构建/二进制/列表历史证据；可核对身份/布局，不能证明 Flash、启动或运行	6800	05a3ac24d3931f03
rtos-project	projects/RTOS项目/源码/OBJ/startup_stm32f10x_md.d	build-artifact	evidence-layer	no	no	none	build-or-evidence-artifact	retain-evidence-no-skill	构建/二进制/列表历史证据；可核对身份/布局，不能证明 Flash、启动或运行	63	16f85f46f5a3ca02
rtos-project	projects/RTOS项目/源码/OBJ/startup_stm32f10x_md.o	build-artifact	evidence-layer	no	no	none	build-or-evidence-artifact	retain-evidence-no-skill	构建/二进制/列表历史证据；可核对身份/布局，不能证明 Flash、启动或运行	6028	2504805dbe85bf61
rtos-project	projects/RTOS项目/源码/OBJ/stm32f10x_adc.crf	build-artifact	evidence-layer	no	no	none	build-or-evidence-artifact	retain-evidence-no-skill	构建/二进制/列表历史证据；可核对身份/布局，不能证明 Flash、启动或运行	354794	0738659825a08dd0
rtos-project	projects/RTOS项目/源码/OBJ/stm32f10x_adc.d	build-artifact	evidence-layer	no	no	none	build-or-evidence-artifact	retain-evidence-no-skill	构建/二进制/列表历史证据；可核对身份/布局，不能证明 Flash、启动或运行	1908	e54dcc66e32eae84
rtos-project	projects/RTOS项目/源码/OBJ/stm32f10x_adc.o	build-artifact	evidence-layer	no	no	none	build-or-evidence-artifact	retain-evidence-no-skill	构建/二进制/列表历史证据；可核对身份/布局，不能证明 Flash、启动或运行	432420	455b4f9deff738e2
rtos-project	projects/RTOS项目/源码/OBJ/stm32f10x_bkp.crf	build-artifact	evidence-layer	no	no	none	build-or-evidence-artifact	retain-evidence-no-skill	构建/二进制/列表历史证据；可核对身份/布局，不能证明 Flash、启动或运行	348450	e9940ae3f419f3a1
rtos-project	projects/RTOS项目/源码/OBJ/stm32f10x_bkp.d	build-artifact	evidence-layer	no	no	none	build-or-evidence-artifact	retain-evidence-no-skill	构建/二进制/列表历史证据；可核对身份/布局，不能证明 Flash、启动或运行	1908	8f4bbd247fadcec8
rtos-project	projects/RTOS项目/源码/OBJ/stm32f10x_bkp.o	build-artifact	evidence-layer	no	no	none	build-or-evidence-artifact	retain-evidence-no-skill	构建/二进制/列表历史证据；可核对身份/布局，不能证明 Flash、启动或运行	381620	7c01709799ef733b
rtos-project	projects/RTOS项目/源码/OBJ/stm32f10x_can.crf	build-artifact	evidence-layer	no	no	none	build-or-evidence-artifact	retain-evidence-no-skill	构建/二进制/列表历史证据；可核对身份/布局，不能证明 Flash、启动或运行	356292	6f96149f00c11d23
rtos-project	projects/RTOS项目/源码/OBJ/stm32f10x_can.d	build-artifact	evidence-layer	no	no	none	build-or-evidence-artifact	retain-evidence-no-skill	构建/二进制/列表历史证据；可核对身份/布局，不能证明 Flash、启动或运行	1908	59d1090b47939de5
rtos-project	projects/RTOS项目/源码/OBJ/stm32f10x_can.o	build-artifact	evidence-layer	no	no	none	build-or-evidence-artifact	retain-evidence-no-skill	构建/二进制/列表历史证据；可核对身份/布局，不能证明 Flash、启动或运行	390500	7165188f677ba0db
rtos-project	projects/RTOS项目/源码/OBJ/stm32f10x_cec.crf	build-artifact	evidence-layer	no	no	none	build-or-evidence-artifact	retain-evidence-no-skill	构建/二进制/列表历史证据；可核对身份/布局，不能证明 Flash、启动或运行	349003	7cdf546834549c35
rtos-project	projects/RTOS项目/源码/OBJ/stm32f10x_cec.d	build-artifact	evidence-layer	no	no	none	build-or-evidence-artifact	retain-evidence-no-skill	构建/二进制/列表历史证据；可核对身份/布局，不能证明 Flash、启动或运行	1908	627e1581bf3625bb
rtos-project	projects/RTOS项目/源码/OBJ/stm32f10x_cec.o	build-artifact	evidence-layer	no	no	none	build-or-evidence-artifact	retain-evidence-no-skill	构建/二进制/列表历史证据；可核对身份/布局，不能证明 Flash、启动或运行	382036	a484afb8ce9e2a73
rtos-project	projects/RTOS项目/源码/OBJ/stm32f10x_crc.crf	build-artifact	evidence-layer	no	no	none	build-or-evidence-artifact	retain-evidence-no-skill	构建/二进制/列表历史证据；可核对身份/布局，不能证明 Flash、启动或运行	347083	8a625c46382540f6
rtos-project	projects/RTOS项目/源码/OBJ/stm32f10x_crc.d	build-artifact	evidence-layer	no	no	none	build-or-evidence-artifact	retain-evidence-no-skill	构建/二进制/列表历史证据；可核对身份/布局，不能证明 Flash、启动或运行	1908	baf7541995979229
rtos-project	projects/RTOS项目/源码/OBJ/stm32f10x_crc.o	build-artifact	evidence-layer	no	no	none	build-or-evidence-artifact	retain-evidence-no-skill	构建/二进制/列表历史证据；可核对身份/布局，不能证明 Flash、启动或运行	380048	29210aeb4bf941b3
rtos-project	projects/RTOS项目/源码/OBJ/stm32f10x_dac.crf	build-artifact	evidence-layer	no	no	none	build-or-evidence-artifact	retain-evidence-no-skill	构建/二进制/列表历史证据；可核对身份/布局，不能证明 Flash、启动或运行	349136	08263c7a2c74bd33
rtos-project	projects/RTOS项目/源码/OBJ/stm32f10x_dac.d	build-artifact	evidence-layer	no	no	none	build-or-evidence-artifact	retain-evidence-no-skill	构建/二进制/列表历史证据；可核对身份/布局，不能证明 Flash、启动或运行	1908	4ab42e8041087b07
rtos-project	projects/RTOS项目/源码/OBJ/stm32f10x_dac.o	build-artifact	evidence-layer	no	no	none	build-or-evidence-artifact	retain-evidence-no-skill	构建/二进制/列表历史证据；可核对身份/布局，不能证明 Flash、启动或运行	383148	b2955eeea022db87
rtos-project	projects/RTOS项目/源码/OBJ/stm32f10x_dbgmcu.crf	build-artifact	evidence-layer	no	no	none	build-or-evidence-artifact	retain-evidence-no-skill	构建/二进制/列表历史证据；可核对身份/布局，不能证明 Flash、启动或运行	346853	85308ce0e86ddfb1
rtos-project	projects/RTOS项目/源码/OBJ/stm32f10x_dbgmcu.d	build-artifact	evidence-layer	no	no	none	build-or-evidence-artifact	retain-evidence-no-skill	构建/二进制/列表历史证据；可核对身份/布局，不能证明 Flash、启动或运行	2007	df3f14d8075bbbe1
rtos-project	projects/RTOS项目/源码/OBJ/stm32f10x_dbgmcu.o	build-artifact	evidence-layer	no	no	none	build-or-evidence-artifact	retain-evidence-no-skill	构建/二进制/列表历史证据；可核对身份/布局，不能证明 Flash、启动或运行	378308	278292028dbb1794
rtos-project	projects/RTOS项目/源码/OBJ/stm32f10x_dma.crf	build-artifact	evidence-layer	no	no	none	build-or-evidence-artifact	retain-evidence-no-skill	构建/二进制/列表历史证据；可核对身份/布局，不能证明 Flash、启动或运行	350618	5592d470dc7100db
rtos-project	projects/RTOS项目/源码/OBJ/stm32f10x_dma.d	build-artifact	evidence-layer	no	no	none	build-or-evidence-artifact	retain-evidence-no-skill	构建/二进制/列表历史证据；可核对身份/布局，不能证明 Flash、启动或运行	1908	606e11aaf4a39fcb
rtos-project	projects/RTOS项目/源码/OBJ/stm32f10x_dma.o	build-artifact	evidence-layer	no	no	none	build-or-evidence-artifact	retain-evidence-no-skill	构建/二进制/列表历史证据；可核对身份/布局，不能证明 Flash、启动或运行	394696	676acdbeb1c6a86d
rtos-project	projects/RTOS项目/源码/OBJ/stm32f10x_exti.crf	build-artifact	evidence-layer	no	no	none	build-or-evidence-artifact	retain-evidence-no-skill	构建/二进制/列表历史证据；可核对身份/布局，不能证明 Flash、启动或运行	348069	26b4a026265dc0ab
rtos-project	projects/RTOS项目/源码/OBJ/stm32f10x_exti.d	build-artifact	evidence-layer	no	no	none	build-or-evidence-artifact	retain-evidence-no-skill	构建/二进制/列表历史证据；可核对身份/布局，不能证明 Flash、启动或运行	1941	53bd4dfa9129c393
rtos-project	projects/RTOS项目/源码/OBJ/stm32f10x_exti.o	build-artifact	evidence-layer	no	no	none	build-or-evidence-artifact	retain-evidence-no-skill	构建/二进制/列表历史证据；可核对身份/布局，不能证明 Flash、启动或运行	388748	d5c4fdd3a1576121
rtos-project	projects/RTOS项目/源码/OBJ/stm32f10x_flash.crf	build-artifact	evidence-layer	no	no	none	build-or-evidence-artifact	retain-evidence-no-skill	构建/二进制/列表历史证据；可核对身份/布局，不能证明 Flash、启动或运行	354560	2338533310b4df97
rtos-project	projects/RTOS项目/源码/OBJ/stm32f10x_flash.d	build-artifact	evidence-layer	no	no	none	build-or-evidence-artifact	retain-evidence-no-skill	构建/二进制/列表历史证据；可核对身份/布局，不能证明 Flash、启动或运行	1974	0fd04fe462172c50
rtos-project	projects/RTOS项目/源码/OBJ/stm32f10x_flash.o	build-artifact	evidence-layer	no	no	none	build-or-evidence-artifact	retain-evidence-no-skill	构建/二进制/列表历史证据；可核对身份/布局，不能证明 Flash、启动或运行	421104	10a405dfc04b6ce4
rtos-project	projects/RTOS项目/源码/OBJ/stm32f10x_fsmc.crf	build-artifact	evidence-layer	no	no	none	build-or-evidence-artifact	retain-evidence-no-skill	构建/二进制/列表历史证据；可核对身份/布局，不能证明 Flash、启动或运行	353025	26221c5bb751a522
rtos-project	projects/RTOS项目/源码/OBJ/stm32f10x_fsmc.d	build-artifact	evidence-layer	no	no	none	build-or-evidence-artifact	retain-evidence-no-skill	构建/二进制/列表历史证据；可核对身份/布局，不能证明 Flash、启动或运行	1941	21e8b9ec3de81d59
rtos-project	projects/RTOS项目/源码/OBJ/stm32f10x_fsmc.o	build-artifact	evidence-layer	no	no	none	build-or-evidence-artifact	retain-evidence-no-skill	构建/二进制/列表历史证据；可核对身份/布局，不能证明 Flash、启动或运行	385684	b3868b84b8fc3c39
rtos-project	projects/RTOS项目/源码/OBJ/stm32f10x_gpio.crf	build-artifact	evidence-layer	no	no	none	build-or-evidence-artifact	retain-evidence-no-skill	构建/二进制/列表历史证据；可核对身份/布局，不能证明 Flash、启动或运行	351048	aaf0028a7b02f13b
rtos-project	projects/RTOS项目/源码/OBJ/stm32f10x_gpio.d	build-artifact	evidence-layer	no	no	none	build-or-evidence-artifact	retain-evidence-no-skill	构建/二进制/列表历史证据；可核对身份/布局，不能证明 Flash、启动或运行	1941	c77db083a49d665b
rtos-project	projects/RTOS项目/源码/OBJ/stm32f10x_gpio.o	build-artifact	evidence-layer	no	no	none	build-or-evidence-artifact	retain-evidence-no-skill	构建/二进制/列表历史证据；可核对身份/布局，不能证明 Flash、启动或运行	405164	b5024948e030c9cf
rtos-project	projects/RTOS项目/源码/OBJ/stm32f10x_i2c.crf	build-artifact	evidence-layer	no	no	none	build-or-evidence-artifact	retain-evidence-no-skill	构建/二进制/列表历史证据；可核对身份/布局，不能证明 Flash、启动或运行	353614	5bc6dd44be38da69
rtos-project	projects/RTOS项目/源码/OBJ/stm32f10x_i2c.d	build-artifact	evidence-layer	no	no	none	build-or-evidence-artifact	retain-evidence-no-skill	构建/二进制/列表历史证据；可核对身份/布局，不能证明 Flash、启动或运行	1908	a6d6a3163c03682f
rtos-project	projects/RTOS项目/源码/OBJ/stm32f10x_i2c.o	build-artifact	evidence-layer	no	no	none	build-or-evidence-artifact	retain-evidence-no-skill	构建/二进制/列表历史证据；可核对身份/布局，不能证明 Flash、启动或运行	425688	c7ed9e381c16d815
rtos-project	projects/RTOS项目/源码/OBJ/stm32f10x_it.crf	build-artifact	evidence-layer	no	no	none	build-or-evidence-artifact	retain-evidence-no-skill	构建/二进制/列表历史证据；可核对身份/布局，不能证明 Flash、启动或运行	346902	9f3442f320a3b455
rtos-project	projects/RTOS项目/源码/OBJ/stm32f10x_it.d	build-artifact	evidence-layer	no	no	none	build-or-evidence-artifact	retain-evidence-no-skill	构建/二进制/列表历史证据；可核对身份/布局，不能证明 Flash、启动或运行	1805	b9565eceaecd5e0a
rtos-project	projects/RTOS项目/源码/OBJ/stm32f10x_it.o	build-artifact	evidence-layer	no	no	none	build-or-evidence-artifact	retain-evidence-no-skill	构建/二进制/列表历史证据；可核对身份/布局，不能证明 Flash、启动或运行	385328	f0fed44eac812825
rtos-project	projects/RTOS项目/源码/OBJ/stm32f10x_iwdg.crf	build-artifact	evidence-layer	no	no	none	build-or-evidence-artifact	retain-evidence-no-skill	构建/二进制/列表历史证据；可核对身份/布局，不能证明 Flash、启动或运行	347169	7efe5e89dfbceaba
rtos-project	projects/RTOS项目/源码/OBJ/stm32f10x_iwdg.d	build-artifact	evidence-layer	no	no	none	build-or-evidence-artifact	retain-evidence-no-skill	构建/二进制/列表历史证据；可核对身份/布局，不能证明 Flash、启动或运行	1941	c00458fa14a899d9
rtos-project	projects/RTOS项目/源码/OBJ/stm32f10x_iwdg.o	build-artifact	evidence-layer	no	no	none	build-or-evidence-artifact	retain-evidence-no-skill	构建/二进制/列表历史证据；可核对身份/布局，不能证明 Flash、启动或运行	379940	f90c3b3f30875598
rtos-project	projects/RTOS项目/源码/OBJ/stm32f10x_pwr.crf	build-artifact	evidence-layer	no	no	none	build-or-evidence-artifact	retain-evidence-no-skill	构建/二进制/列表历史证据；可核对身份/布局，不能证明 Flash、启动或运行	348357	db720e8f246fa09c
rtos-project	projects/RTOS项目/源码/OBJ/stm32f10x_pwr.d	build-artifact	evidence-layer	no	no	none	build-or-evidence-artifact	retain-evidence-no-skill	构建/二进制/列表历史证据；可核对身份/布局，不能证明 Flash、启动或运行	1908	7b97210f1c05c9a6
rtos-project	projects/RTOS项目/源码/OBJ/stm32f10x_pwr.o	build-artifact	evidence-layer	no	no	none	build-or-evidence-artifact	retain-evidence-no-skill	构建/二进制/列表历史证据；可核对身份/布局，不能证明 Flash、启动或运行	381544	63f3c1ca21213c6e
rtos-project	projects/RTOS项目/源码/OBJ/stm32f10x_rcc.crf	build-artifact	evidence-layer	no	no	none	build-or-evidence-artifact	retain-evidence-no-skill	构建/二进制/列表历史证据；可核对身份/布局，不能证明 Flash、启动或运行	354583	6fc8bfaa4bab1f5b
rtos-project	projects/RTOS项目/源码/OBJ/stm32f10x_rcc.d	build-artifact	evidence-layer	no	no	none	build-or-evidence-artifact	retain-evidence-no-skill	构建/二进制/列表历史证据；可核对身份/布局，不能证明 Flash、启动或运行	1908	87ac10678fa81499
rtos-project	projects/RTOS项目/源码/OBJ/stm32f10x_rcc.o	build-artifact	evidence-layer	no	no	none	build-or-evidence-artifact	retain-evidence-no-skill	构建/二进制/列表历史证据；可核对身份/布局，不能证明 Flash、启动或运行	425188	27aae72fd355b84b
rtos-project	projects/RTOS项目/源码/OBJ/stm32f10x_rtc.crf	build-artifact	evidence-layer	no	no	none	build-or-evidence-artifact	retain-evidence-no-skill	构建/二进制/列表历史证据；可核对身份/布局，不能证明 Flash、启动或运行	348357	7c63c030dd93efbe
rtos-project	projects/RTOS项目/源码/OBJ/stm32f10x_rtc.d	build-artifact	evidence-layer	no	no	none	build-or-evidence-artifact	retain-evidence-no-skill	构建/二进制/列表历史证据；可核对身份/布局，不能证明 Flash、启动或运行	1908	537071808395fece
rtos-project	projects/RTOS项目/源码/OBJ/stm32f10x_rtc.o	build-artifact	evidence-layer	no	no	none	build-or-evidence-artifact	retain-evidence-no-skill	构建/二进制/列表历史证据；可核对身份/布局，不能证明 Flash、启动或运行	396808	6c2fa67dc557e3b6
rtos-project	projects/RTOS项目/源码/OBJ/stm32f10x_sdio.crf	build-artifact	evidence-layer	no	no	none	build-or-evidence-artifact	retain-evidence-no-skill	构建/二进制/列表历史证据；可核对身份/布局，不能证明 Flash、启动或运行	351619	fb1c72711d6fd56e
rtos-project	projects/RTOS项目/源码/OBJ/stm32f10x_sdio.d	build-artifact	evidence-layer	no	no	none	build-or-evidence-artifact	retain-evidence-no-skill	构建/二进制/列表历史证据；可核对身份/布局，不能证明 Flash、启动或运行	1941	d92b938700e6869a
rtos-project	projects/RTOS项目/源码/OBJ/stm32f10x_sdio.o	build-artifact	evidence-layer	no	no	none	build-or-evidence-artifact	retain-evidence-no-skill	构建/二进制/列表历史证据；可核对身份/布局，不能证明 Flash、启动或运行	388088	e61793c9dba489b6
rtos-project	projects/RTOS项目/源码/OBJ/stm32f10x_spi.crf	build-artifact	evidence-layer	no	no	none	build-or-evidence-artifact	retain-evidence-no-skill	构建/二进制/列表历史证据；可核对身份/布局，不能证明 Flash、启动或运行	351583	afc142cee69ae1ab
rtos-project	projects/RTOS项目/源码/OBJ/stm32f10x_spi.d	build-artifact	evidence-layer	no	no	none	build-or-evidence-artifact	retain-evidence-no-skill	构建/二进制/列表历史证据；可核对身份/布局，不能证明 Flash、启动或运行	1908	0f4a4da1b5cc1e93
rtos-project	projects/RTOS项目/源码/OBJ/stm32f10x_spi.o	build-artifact	evidence-layer	no	no	none	build-or-evidence-artifact	retain-evidence-no-skill	构建/二进制/列表历史证据；可核对身份/布局，不能证明 Flash、启动或运行	411760	5994a13a7c949737
rtos-project	projects/RTOS项目/源码/OBJ/stm32f10x_tim.crf	build-artifact	evidence-layer	no	no	none	build-or-evidence-artifact	retain-evidence-no-skill	构建/二进制/列表历史证据；可核对身份/布局，不能证明 Flash、启动或运行	369701	c928e74d6e772acf
rtos-project	projects/RTOS项目/源码/OBJ/stm32f10x_tim.d	build-artifact	evidence-layer	no	no	none	build-or-evidence-artifact	retain-evidence-no-skill	构建/二进制/列表历史证据；可核对身份/布局，不能证明 Flash、启动或运行	1908	10024474fb580e5d
rtos-project	projects/RTOS项目/源码/OBJ/stm32f10x_tim.o	build-artifact	evidence-layer	no	no	none	build-or-evidence-artifact	retain-evidence-no-skill	构建/二进制/列表历史证据；可核对身份/布局，不能证明 Flash、启动或运行	512680	8525692fb30d57ea
rtos-project	projects/RTOS项目/源码/OBJ/stm32f10x_usart.crf	build-artifact	evidence-layer	no	no	none	build-or-evidence-artifact	retain-evidence-no-skill	构建/二进制/列表历史证据；可核对身份/布局，不能证明 Flash、启动或运行	353231	f8190c8c6c2f8b02
rtos-project	projects/RTOS项目/源码/OBJ/stm32f10x_usart.d	build-artifact	evidence-layer	no	no	none	build-or-evidence-artifact	retain-evidence-no-skill	构建/二进制/列表历史证据；可核对身份/布局，不能证明 Flash、启动或运行	1974	08983ce757ca881f
rtos-project	projects/RTOS项目/源码/OBJ/stm32f10x_usart.o	build-artifact	evidence-layer	no	no	none	build-or-evidence-artifact	retain-evidence-no-skill	构建/二进制/列表历史证据；可核对身份/布局，不能证明 Flash、启动或运行	421192	0382bd0816001974
rtos-project	projects/RTOS项目/源码/OBJ/stm32f10x_wwdg.crf	build-artifact	evidence-layer	no	no	none	build-or-evidence-artifact	retain-evidence-no-skill	构建/二进制/列表历史证据；可核对身份/布局，不能证明 Flash、启动或运行	347625	d68b1d0ebf5e7728
rtos-project	projects/RTOS项目/源码/OBJ/stm32f10x_wwdg.d	build-artifact	evidence-layer	no	no	none	build-or-evidence-artifact	retain-evidence-no-skill	构建/二进制/列表历史证据；可核对身份/布局，不能证明 Flash、启动或运行	1941	7472cdc8733842e1
rtos-project	projects/RTOS项目/源码/OBJ/stm32f10x_wwdg.o	build-artifact	evidence-layer	no	no	none	build-or-evidence-artifact	retain-evidence-no-skill	构建/二进制/列表历史证据；可核对身份/布局，不能证明 Flash、启动或运行	380876	9e45ccd1438e17b0
rtos-project	projects/RTOS项目/源码/OBJ/stmflash.crf	build-artifact	evidence-layer	no	no	none	build-or-evidence-artifact	retain-evidence-no-skill	构建/二进制/列表历史证据；可核对身份/布局，不能证明 Flash、启动或运行	354897	9ea72d761824c466
rtos-project	projects/RTOS项目/源码/OBJ/stmflash.d	build-artifact	evidence-layer	no	no	none	build-or-evidence-artifact	retain-evidence-no-skill	构建/二进制/列表历史证据；可核对身份/布局，不能证明 Flash、启动或运行	1919	ca07d23ada4df9e9
rtos-project	projects/RTOS项目/源码/OBJ/stmflash.o	build-artifact	evidence-layer	no	no	none	build-or-evidence-artifact	retain-evidence-no-skill	构建/二进制/列表历史证据；可核对身份/布局，不能证明 Flash、启动或运行	393560	578f997ce5066ed2
rtos-project	projects/RTOS项目/源码/OBJ/sys.crf	build-artifact	evidence-layer	no	no	none	build-or-evidence-artifact	retain-evidence-no-skill	构建/二进制/列表历史证据；可核对身份/布局，不能证明 Flash、启动或运行	347847	c12b4e844d9bf20d
rtos-project	projects/RTOS项目/源码/OBJ/sys.d	build-artifact	evidence-layer	no	no	none	build-or-evidence-artifact	retain-evidence-no-skill	构建/二进制/列表历史证据；可核对身份/布局，不能证明 Flash、启动或运行	1560	4b5c449c2127e999
rtos-project	projects/RTOS项目/源码/OBJ/sys.o	build-artifact	evidence-layer	no	no	none	build-or-evidence-artifact	retain-evidence-no-skill	构建/二进制/列表历史证据；可核对身份/布局，不能证明 Flash、启动或运行	384708	fbe9ecc171ba11d3
rtos-project	projects/RTOS项目/源码/OBJ/system_stm32f10x.crf	build-artifact	evidence-layer	no	no	none	build-or-evidence-artifact	retain-evidence-no-skill	构建/二进制/列表历史证据；可核对身份/布局，不能证明 Flash、启动或运行	348630	4e3228bd2bacef86
rtos-project	projects/RTOS项目/源码/OBJ/system_stm32f10x.d	build-artifact	evidence-layer	no	no	none	build-or-evidence-artifact	retain-evidence-no-skill	构建/二进制/列表历史证据；可核对身份/布局，不能证明 Flash、启动或运行	1890	5ae01915cdf0174b
rtos-project	projects/RTOS项目/源码/OBJ/system_stm32f10x.o	build-artifact	evidence-layer	no	no	none	build-or-evidence-artifact	retain-evidence-no-skill	构建/二进制/列表历史证据；可核对身份/布局，不能证明 Flash、启动或运行	383528	96a31a19e6082f4a
rtos-project	projects/RTOS项目/源码/OBJ/tasks.crf	build-artifact	evidence-layer	no	no	none	build-or-evidence-artifact	retain-evidence-no-skill	构建/二进制/列表历史证据；可核对身份/布局，不能证明 Flash、启动或运行	416735	758d859a97899699
rtos-project	projects/RTOS项目/源码/OBJ/tasks.d	build-artifact	evidence-layer	no	no	none	build-or-evidence-artifact	retain-evidence-no-skill	构建/二进制/列表历史证据；可核对身份/布局，不能证明 Flash、启动或运行	2462	514500cf7e86eff9
rtos-project	projects/RTOS项目/源码/OBJ/tasks.o	build-artifact	evidence-layer	no	no	none	build-or-evidence-artifact	retain-evidence-no-skill	构建/二进制/列表历史证据；可核对身份/布局，不能证明 Flash、启动或运行	524336	e30f2571c505e4b7
rtos-project	projects/RTOS项目/源码/OBJ/timer.crf	build-artifact	evidence-layer	no	no	none	build-or-evidence-artifact	retain-evidence-no-skill	构建/二进制/列表历史证据；可核对身份/布局，不能证明 Flash、启动或运行	355403	62548c4de49170a6
rtos-project	projects/RTOS项目/源码/OBJ/timer.d	build-artifact	evidence-layer	no	no	none	build-or-evidence-artifact	retain-evidence-no-skill	构建/二进制/列表历史证据；可核对身份/布局，不能证明 Flash、启动或运行	1836	fe914f172ea6bc69
rtos-project	projects/RTOS项目/源码/OBJ/timer.o	build-artifact	evidence-layer	no	no	none	build-or-evidence-artifact	retain-evidence-no-skill	构建/二进制/列表历史证据；可核对身份/布局，不能证明 Flash、启动或运行	390060	34d39bea3dc13d3f
rtos-project	projects/RTOS项目/源码/OBJ/timers.crf	build-artifact	evidence-layer	no	no	none	build-or-evidence-artifact	retain-evidence-no-skill	构建/二进制/列表历史证据；可核对身份/布局，不能证明 Flash、启动或运行	407584	54afe0ddc6a975df
rtos-project	projects/RTOS项目/源码/OBJ/timers.d	build-artifact	evidence-layer	no	no	none	build-or-evidence-artifact	retain-evidence-no-skill	构建/二进制/列表历史证据；可核对身份/布局，不能证明 Flash、启动或运行	2504	0692756f515b0d42
rtos-project	projects/RTOS项目/源码/OBJ/timers.o	build-artifact	evidence-layer	no	no	none	build-or-evidence-artifact	retain-evidence-no-skill	构建/二进制/列表历史证据；可核对身份/布局，不能证明 Flash、启动或运行	457996	1e30ca93a72e64a9
rtos-project	projects/RTOS项目/源码/OBJ/us105.crf	build-artifact	evidence-layer	no	no	none	build-or-evidence-artifact	retain-evidence-no-skill	构建/二进制/列表历史证据；可核对身份/布局，不能证明 Flash、启动或运行	349439	1645848436b40fdf
rtos-project	projects/RTOS项目/源码/OBJ/us105.d	build-artifact	evidence-layer	no	no	none	build-or-evidence-artifact	retain-evidence-no-skill	构建/二进制/列表历史证据；可核对身份/布局，不能证明 Flash、启动或运行	1751	84eda2daa0015219
rtos-project	projects/RTOS项目/源码/OBJ/us105.o	build-artifact	evidence-layer	no	no	none	build-or-evidence-artifact	retain-evidence-no-skill	构建/二进制/列表历史证据；可核对身份/布局，不能证明 Flash、启动或运行	386136	d129441ce62935bb
rtos-project	projects/RTOS项目/源码/OBJ/usart.crf	build-artifact	evidence-layer	no	no	none	build-or-evidence-artifact	retain-evidence-no-skill	构建/二进制/列表历史证据；可核对身份/布局，不能证明 Flash、启动或运行	375536	76bd4738f0bff780
rtos-project	projects/RTOS项目/源码/OBJ/usart.d	build-artifact	evidence-layer	no	no	none	build-or-evidence-artifact	retain-evidence-no-skill	构建/二进制/列表历史证据；可核对身份/布局，不能证明 Flash、启动或运行	2221	7d327b77bc61fb02
rtos-project	projects/RTOS项目/源码/OBJ/usart.o	build-artifact	evidence-layer	no	no	none	build-or-evidence-artifact	retain-evidence-no-skill	构建/二进制/列表历史证据；可核对身份/布局，不能证明 Flash、启动或运行	411148	c6981b64d8be24a6
rtos-project	projects/RTOS项目/源码/OBJ/wind_speed.crf	build-artifact	evidence-layer	no	no	none	build-or-evidence-artifact	retain-evidence-no-skill	构建/二进制/列表历史证据；可核对身份/布局，不能证明 Flash、启动或运行	349839	a093a049e3cbb90a
rtos-project	projects/RTOS项目/源码/OBJ/wind_speed.d	build-artifact	evidence-layer	no	no	none	build-or-evidence-artifact	retain-evidence-no-skill	构建/二进制/列表历史证据；可核对身份/布局，不能证明 Flash、启动或运行	1829	3fe07bd5d0ab9200
rtos-project	projects/RTOS项目/源码/OBJ/wind_speed.o	build-artifact	evidence-layer	no	no	none	build-or-evidence-artifact	retain-evidence-no-skill	构建/二进制/列表历史证据；可核对身份/布局，不能证明 Flash、启动或运行	393252	8c1ec21cdf9132bd
rtos-project	projects/RTOS项目/源码/STM32F10x_FWLib/inc/misc.h	code-or-config	domain-referenced	no	yes	none	vendor-library-unlinked	retain-dependency-reference	ST 标准外设库；可说明 API/依赖，不能冒充项目独有实现或个人贡献	8982	40c918f726035dfa
rtos-project	projects/RTOS项目/源码/STM32F10x_FWLib/inc/stm32f10x_adc.h	code-or-config	domain-referenced	no	yes	none	vendor-library-unlinked	retain-dependency-reference	ST 标准外设库；可说明 API/依赖，不能冒充项目独有实现或个人贡献	21690	005a122259e9657b
rtos-project	projects/RTOS项目/源码/STM32F10x_FWLib/inc/stm32f10x_bkp.h	code-or-config	domain-referenced	no	yes	none	vendor-library-unlinked	retain-dependency-reference	ST 标准外设库；可说明 API/依赖，不能冒充项目独有实现或个人贡献	7555	bd3ae6fe6a6e6172
rtos-project	projects/RTOS项目/源码/STM32F10x_FWLib/inc/stm32f10x_can.h	code-or-config	domain-referenced	no	yes	none	vendor-library-unlinked	retain-dependency-reference	ST 标准外设库；可说明 API/依赖，不能冒充项目独有实现或个人贡献	27559	df4e1602f2b208b3
rtos-project	projects/RTOS项目/源码/STM32F10x_FWLib/inc/stm32f10x_cec.h	code-or-config	domain-referenced	no	yes	none	vendor-library-unlinked	retain-dependency-reference	ST 标准外设库；可说明 API/依赖，不能冒充项目独有实现或个人贡献	6573	620485eb06b33c96
rtos-project	projects/RTOS项目/源码/STM32F10x_FWLib/inc/stm32f10x_crc.h	code-or-config	domain-referenced	no	yes	none	vendor-library-unlinked	retain-dependency-reference	ST 标准外设库；可说明 API/依赖，不能冒充项目独有实现或个人贡献	2162	98e5537eb5e8837d
rtos-project	projects/RTOS项目/源码/STM32F10x_FWLib/inc/stm32f10x_dac.h	code-or-config	domain-referenced	no	yes	none	vendor-library-unlinked	retain-dependency-reference	ST 标准外设库；可说明 API/依赖，不能冒充项目独有实现或个人贡献	15233	446107ab9e933ccc
rtos-project	projects/RTOS项目/源码/STM32F10x_FWLib/inc/stm32f10x_dbgmcu.h	code-or-config	domain-referenced	no	yes	none	vendor-library-unlinked	retain-dependency-reference	ST 标准外设库；可说明 API/依赖，不能冒充项目独有实现或个人贡献	3818	998751256df8a042
rtos-project	projects/RTOS项目/源码/STM32F10x_FWLib/inc/stm32f10x_dma.h	code-or-config	domain-referenced	no	yes	none	vendor-library-unlinked	retain-dependency-reference	ST 标准外设库；可说明 API/依赖，不能冒充项目独有实现或个人贡献	20754	2ba038050d07735a
rtos-project	projects/RTOS项目/源码/STM32F10x_FWLib/inc/stm32f10x_exti.h	code-or-config	domain-referenced	no	yes	none	vendor-library-unlinked	retain-dependency-reference	ST 标准外设库；可说明 API/依赖，不能冒充项目独有实现或个人贡献	6824	661b039483459137
rtos-project	projects/RTOS项目/源码/STM32F10x_FWLib/inc/stm32f10x_flash.h	code-or-config	domain-referenced	no	yes	none	vendor-library-unlinked	retain-dependency-reference	ST 标准外设库；可说明 API/依赖，不能冒充项目独有实现或个人贡献	25445	952ca72ee4d01e49
rtos-project	projects/RTOS项目/源码/STM32F10x_FWLib/inc/stm32f10x_fsmc.h	code-or-config	domain-referenced	no	yes	none	vendor-library-unlinked	retain-dependency-reference	ST 标准外设库；可说明 API/依赖，不能冒充项目独有实现或个人贡献	27016	b2e640d05f6dd11e
rtos-project	projects/RTOS项目/源码/STM32F10x_FWLib/inc/stm32f10x_gpio.h	code-or-config	domain-referenced	no	yes	none	vendor-library-unlinked	retain-dependency-reference	ST 标准外设库；可说明 API/依赖，不能冒充项目独有实现或个人贡献	20175	ef945fe7b2e4a8f3
rtos-project	projects/RTOS项目/源码/STM32F10x_FWLib/inc/stm32f10x_i2c.h	code-or-config	domain-referenced	no	yes	none	vendor-library-unlinked	retain-dependency-reference	ST 标准外设库；可说明 API/依赖，不能冒充项目独有实现或个人贡献	30029	08b14d4160908157
rtos-project	projects/RTOS项目/源码/STM32F10x_FWLib/inc/stm32f10x_iwdg.h	code-or-config	domain-referenced	no	yes	none	vendor-library-unlinked	retain-dependency-reference	ST 标准外设库；可说明 API/依赖，不能冒充项目独有实现或个人贡献	3828	4a0e65ceebeb69de
rtos-project	projects/RTOS项目/源码/STM32F10x_FWLib/inc/stm32f10x_pwr.h	code-or-config	domain-referenced	no	yes	none	vendor-library-unlinked	retain-dependency-reference	ST 标准外设库；可说明 API/依赖，不能冒充项目独有实现或个人贡献	4383	b7b31d2bfb3d56e7
rtos-project	projects/RTOS项目/源码/STM32F10x_FWLib/inc/stm32f10x_rcc.h	code-or-config	domain-referenced	no	yes	none	vendor-library-unlinked	retain-dependency-reference	ST 标准外设库；可说明 API/依赖，不能冒充项目独有实现或个人贡献	30452	894e140a70b0cdc9
rtos-project	projects/RTOS项目/源码/STM32F10x_FWLib/inc/stm32f10x_rtc.h	code-or-config	domain-referenced	no	yes	none	vendor-library-unlinked	retain-dependency-reference	ST 标准外设库；可说明 API/依赖，不能冒充项目独有实现或个人贡献	3857	4a0ef73054c3f7f7
rtos-project	projects/RTOS项目/源码/STM32F10x_FWLib/inc/stm32f10x_sdio.h	code-or-config	domain-referenced	no	yes	none	vendor-library-unlinked	retain-dependency-reference	ST 标准外设库；可说明 API/依赖，不能冒充项目独有实现或个人贡献	21863	35f5d75421ab3c76
rtos-project	projects/RTOS项目/源码/STM32F10x_FWLib/inc/stm32f10x_spi.h	code-or-config	domain-referenced	no	yes	none	vendor-library-unlinked	retain-dependency-reference	ST 标准外设库；可说明 API/依赖，不能冒充项目独有实现或个人贡献	17725	e5dce165ef95fd87
rtos-project	projects/RTOS项目/源码/STM32F10x_FWLib/inc/stm32f10x_tim.h	code-or-config	domain-referenced	no	yes	none	vendor-library-unlinked	retain-dependency-reference	ST 标准外设库；可说明 API/依赖，不能冒充项目独有实现或个人贡献	52427	dddf89f9b7134a2f
rtos-project	projects/RTOS项目/源码/STM32F10x_FWLib/inc/stm32f10x_usart.h	code-or-config	domain-referenced	no	yes	none	vendor-library-unlinked	retain-dependency-reference	ST 标准外设库；可说明 API/依赖，不能冒充项目独有实现或个人贡献	16548	9d4c2067e54defd6
rtos-project	projects/RTOS项目/源码/STM32F10x_FWLib/inc/stm32f10x_wwdg.h	code-or-config	domain-referenced	no	yes	none	vendor-library-unlinked	retain-dependency-reference	ST 标准外设库；可说明 API/依赖，不能冒充项目独有实现或个人贡献	2966	eb1a01bbaa33babc
rtos-project	projects/RTOS项目/源码/STM32F10x_FWLib/src/misc.c	code-or-config	domain-referenced	no	yes	none	vendor-library-unlinked	retain-dependency-reference	ST 标准外设库；可说明 API/依赖，不能冒充项目独有实现或个人贡献	7046	152c632e56151b25
rtos-project	projects/RTOS项目/源码/STM32F10x_FWLib/src/stm32f10x_adc.c	code-or-config	domain-referenced	no	yes	none	vendor-library-unlinked	retain-dependency-reference	ST 标准外设库；可说明 API/依赖，不能冒充项目独有实现或个人贡献	47201	d269b826f617c7b1
rtos-project	projects/RTOS项目/源码/STM32F10x_FWLib/src/stm32f10x_bkp.c	code-or-config	domain-referenced	no	yes	none	vendor-library-unlinked	retain-dependency-reference	ST 标准外设库；可说明 API/依赖，不能冒充项目独有实现或个人贡献	8463	f78d5077029cfec5
rtos-project	projects/RTOS项目/源码/STM32F10x_FWLib/src/stm32f10x_can.c	code-or-config	domain-referenced	no	yes	none	vendor-library-unlinked	retain-dependency-reference	ST 标准外设库；可说明 API/依赖，不能冒充项目独有实现或个人贡献	45103	bf9d3bec0785b8f2
rtos-project	projects/RTOS项目/源码/STM32F10x_FWLib/src/stm32f10x_cec.c	code-or-config	domain-referenced	no	yes	none	vendor-library-unlinked	retain-dependency-reference	ST 标准外设库；可说明 API/依赖，不能冒充项目独有实现或个人贡献	11656	5cf689d7a2ecc324
rtos-project	projects/RTOS项目/源码/STM32F10x_FWLib/src/stm32f10x_crc.c	code-or-config	domain-referenced	no	yes	none	vendor-library-unlinked	retain-dependency-reference	ST 标准外设库；可说明 API/依赖，不能冒充项目独有实现或个人贡献	3347	962aa1381467118e
rtos-project	projects/RTOS项目/源码/STM32F10x_FWLib/src/stm32f10x_dac.c	code-or-config	domain-referenced	no	yes	none	vendor-library-unlinked	retain-dependency-reference	ST 标准外设库；可说明 API/依赖，不能冒充项目独有实现或个人贡献	19087	789a92c1dbb0dc74
rtos-project	projects/RTOS项目/源码/STM32F10x_FWLib/src/stm32f10x_dbgmcu.c	code-or-config	domain-referenced	no	yes	none	vendor-library-unlinked	retain-dependency-reference	ST 标准外设库；可说明 API/依赖，不能冒充项目独有实现或个人贡献	5149	9bfb6f964cd3b06a
rtos-project	projects/RTOS项目/源码/STM32F10x_FWLib/src/stm32f10x_dma.c	code-or-config	domain-referenced	no	yes	none	vendor-library-unlinked	retain-dependency-reference	ST 标准外设库；可说明 API/依赖，不能冒充项目独有实现或个人贡献	29607	b0ac759af150deaa
rtos-project	projects/RTOS项目/源码/STM32F10x_FWLib/src/stm32f10x_exti.c	code-or-config	domain-referenced	no	yes	none	vendor-library-unlinked	retain-dependency-reference	ST 标准外设库；可说明 API/依赖，不能冒充项目独有实现或个人贡献	6959	5783d10d46275d8b
rtos-project	projects/RTOS项目/源码/STM32F10x_FWLib/src/stm32f10x_flash.c	code-or-config	domain-referenced	no	yes	none	vendor-library-unlinked	retain-dependency-reference	ST 标准外设库；可说明 API/依赖，不能冒充项目独有实现或个人贡献	62553	902b84d67d66f117
rtos-project	projects/RTOS项目/源码/STM32F10x_FWLib/src/stm32f10x_fsmc.c	code-or-config	domain-referenced	no	yes	none	vendor-library-unlinked	retain-dependency-reference	ST 标准外设库；可说明 API/依赖，不能冒充项目独有实现或个人贡献	35484	1b623840bba04095
rtos-project	projects/RTOS项目/源码/STM32F10x_FWLib/src/stm32f10x_gpio.c	code-or-config	domain-referenced	no	yes	none	vendor-library-unlinked	retain-dependency-reference	ST 标准外设库；可说明 API/依赖，不能冒充项目独有实现或个人贡献	23221	8255650b583b2bab
rtos-project	projects/RTOS项目/源码/STM32F10x_FWLib/src/stm32f10x_iwdg.c	code-or-config	domain-referenced	no	yes	none	vendor-library-unlinked	retain-dependency-reference	ST 标准外设库；可说明 API/依赖，不能冒充项目独有实现或个人贡献	4916	bdae6086ce189dac
rtos-project	projects/RTOS项目/源码/STM32F10x_FWLib/src/stm32f10x_pwr.c	code-or-config	domain-referenced	no	yes	none	vendor-library-unlinked	retain-dependency-reference	ST 标准外设库；可说明 API/依赖，不能冒充项目独有实现或个人贡献	8759	3f8c77033caad162
rtos-project	projects/RTOS项目/源码/STM32F10x_FWLib/src/stm32f10x_rcc.c	code-or-config	domain-referenced	no	yes	none	vendor-library-unlinked	retain-dependency-reference	ST 标准外设库；可说明 API/依赖，不能冒充项目独有实现或个人贡献	51271	f23bbc9b83e44e69
rtos-project	projects/RTOS项目/源码/STM32F10x_FWLib/src/stm32f10x_rtc.c	code-or-config	domain-referenced	no	yes	none	vendor-library-unlinked	retain-dependency-reference	ST 标准外设库；可说明 API/依赖，不能冒充项目独有实现或个人贡献	8598	59bc07137d60efbb
rtos-project	projects/RTOS项目/源码/STM32F10x_FWLib/src/stm32f10x_sdio.c	code-or-config	domain-referenced	no	yes	none	vendor-library-unlinked	retain-dependency-reference	ST 标准外设库；可说明 API/依赖，不能冒充项目独有实现或个人贡献	28933	d042b43fbfd54317
rtos-project	projects/RTOS项目/源码/STM32F10x_FWLib/src/stm32f10x_usart.c	code-or-config	domain-referenced	no	yes	none	vendor-library-unlinked	retain-dependency-reference	ST 标准外设库；可说明 API/依赖，不能冒充项目独有实现或个人贡献	38312	f9567e3efad9da0a
rtos-project	projects/RTOS项目/源码/STM32F10x_FWLib/src/stm32f10x_wwdg.c	code-or-config	domain-referenced	no	yes	none	vendor-library-unlinked	retain-dependency-reference	ST 标准外设库；可说明 API/依赖，不能冒充项目独有实现或个人贡献	5735	1d51fbbe3da7731b
rtos-project	projects/RTOS项目/源码/SYSTEM/sys/sys.c	code-or-config	domain-referenced	no	yes	none	project-source-unlinked	retain-reference-review	源码/配置未精确回链；以 project.uvprojx、符号和构建证据确认当前职责	674	19c07f1e1887d409
rtos-project	projects/RTOS项目/源码/SYSTEM/usart/usart.h	code-or-config	domain-referenced	no	yes	none	project-source-unlinked	retain-reference-review	源码/配置未精确回链；以 project.uvprojx、符号和构建证据确认当前职责	703	4a6b5bd13a335b66
rtos-project	projects/RTOS项目/源码/USER/EventRecorderStub.scvd	other-binary-or-config	domain-referenced	no	yes	none	ide-config-variant	retain-config-evidence-no-skill	IDE 配置/调试描述；只能说明工具状态，不能证明编译或烧录成功	339	c0bc76c307786ae3
rtos-project	projects/RTOS项目/源码/USER/PWM.uvguix.Administrator	other-binary-or-config	domain-referenced	no	yes	none	ide-config-variant	retain-config-evidence-no-skill	IDE 配置/调试描述；只能说明工具状态，不能证明编译或烧录成功	69828	3665c18828e534a9
rtos-project	projects/RTOS项目/源码/USER/PWM.uvguix.lzy	derived-backup	evidence-layer	no	no	none	derived-ide-cache	downgrade-derived-no-skill	IDE 缓存/派生物；不证明 target、构建或运行	90872	d60cb6dc570dc067
rtos-project	projects/RTOS项目/源码/USER/PWM.uvguix.xiaoyouyou	other-binary-or-config	domain-referenced	no	yes	none	ide-config-variant	retain-config-evidence-no-skill	IDE 配置/调试描述；只能说明工具状态，不能证明编译或烧录成功	181455	ab92f688770db2dd
rtos-project	projects/RTOS项目/源码/USER/PWM.uvoptx	other-binary-or-config	domain-referenced	no	yes	none	ide-config-variant	retain-config-evidence-no-skill	IDE 配置/调试描述；只能说明工具状态，不能证明编译或烧录成功	27804	1f6e917cfbecf6b6
rtos-project	projects/RTOS项目/源码/USER/os_cpu_a.lst	build-artifact	evidence-layer	no	no	none	build-or-evidence-artifact	retain-evidence-no-skill	构建/二进制/列表历史证据；可核对身份/布局，不能证明 Flash、启动或运行	22033	a8e63de6f3f8b9b1
rtos-project	projects/RTOS项目/源码/USER/project.uvguix.xiaoyouyou	other-binary-or-config	domain-referenced	no	yes	none	ide-config-variant	retain-config-evidence-no-skill	IDE 配置/调试描述；只能说明工具状态，不能证明编译或烧录成功	178161	1a9fb06fd5a63a59
rtos-project	projects/RTOS项目/源码/USER/project.uvoptx	other-binary-or-config	domain-referenced	no	yes	none	ide-config-variant	retain-config-evidence-no-skill	IDE 配置/调试描述；只能说明工具状态，不能证明编译或烧录成功	28130	43905b81cee246bb
rtos-project	projects/RTOS项目/源码/USER/startup_stm32f10x_hd.lst	build-artifact	evidence-layer	no	no	none	build-or-evidence-artifact	retain-evidence-no-skill	构建/二进制/列表历史证据；可核对身份/布局，不能证明 Flash、启动或运行	51063	71ad79d14e9f06d2
rtos-project	projects/RTOS项目/源码/USER/startup_stm32f10x_md.lst	build-artifact	evidence-layer	no	no	none	build-or-evidence-artifact	retain-evidence-no-skill	构建/二进制/列表历史证据；可核对身份/布局，不能证明 Flash、启动或运行	44138	eace2c1fa383e356
rtos-project	projects/RTOS项目/源码/USER/stm32f10x.h	code-or-config	domain-referenced	no	yes	none	project-source-unlinked	retain-reference-review	源码/配置未精确回链；以 project.uvprojx、符号和构建证据确认当前职责	634160	2bc941c79b116e50
rtos-project	projects/RTOS项目/源码/USER/stm32f10x_conf.h	code-or-config	domain-referenced	no	yes	none	project-source-unlinked	retain-reference-review	源码/配置未精确回链；以 project.uvprojx、符号和构建证据确认当前职责	3236	e83ea5cfcd98e1f1
rtos-project	projects/RTOS项目/源码/USER/stm32f10x_it.h	code-or-config	domain-referenced	no	yes	none	project-source-unlinked	retain-reference-review	源码/配置未精确回链；以 project.uvprojx、符号和构建证据确认当前职责	1983	408e9a069ddad35c
rtos-project	projects/RTOS项目/源码/USER/system_stm32f10x.h	code-or-config	domain-referenced	no	yes	none	project-source-unlinked	retain-reference-review	源码/配置未精确回链；以 project.uvprojx、符号和构建证据确认当前职责	2085	919dc1f5c6bbba74
rtos-project	projects/RTOS项目/源码/assets/context-switch_animated.svg	attachment-evidence	evidence-layer	no	no	none	diagram-attachment	retain-attachment-no-skill	动画/图示附件；只能说明表达意图，不能证明源码执行或硬件实测	4816	f5cb0969e6a2a39f
rtos-project	projects/RTOS项目/源码/assets/dht11-timing.svg	attachment-evidence	evidence-layer	no	no	none	diagram-attachment	retain-attachment-no-skill	动画/图示附件；只能说明表达意图，不能证明源码执行或硬件实测	4699	cb12c62ff5c7958b
rtos-project	projects/RTOS项目/源码/assets/encoder-pid-loop_animated.svg	attachment-evidence	evidence-layer	no	no	none	diagram-attachment	retain-attachment-no-skill	动画/图示附件；只能说明表达意图，不能证明源码执行或硬件实测	5095	e5149b9b6182392a
rtos-project	projects/RTOS项目/源码/assets/freertos-startup_animated.svg	attachment-evidence	evidence-layer	no	no	none	diagram-attachment	retain-attachment-no-skill	动画/图示附件；只能说明表达意图，不能证明源码执行或硬件实测	4877	f3faa03bf25b2691
rtos-project	projects/RTOS项目/源码/assets/iap-power-recovery_animated.svg	attachment-evidence	evidence-layer	no	no	none	diagram-attachment	retain-attachment-no-skill	动画/图示附件；只能说明表达意图，不能证明源码执行或硬件实测	6363	52395203f4036502
rtos-project	projects/RTOS项目/源码/assets/isr-task-handoff_animated.svg	attachment-evidence	evidence-layer	no	no	none	diagram-attachment	retain-attachment-no-skill	动画/图示附件；只能说明表达意图，不能证明源码执行或硬件实测	3750	8d2402f5df33f976
rtos-project	projects/RTOS项目/源码/assets/state-sharing_animated.svg	attachment-evidence	evidence-layer	no	no	none	diagram-attachment	retain-attachment-no-skill	动画/图示附件；只能说明表达意图，不能证明源码执行或硬件实测	4660	03fe1115c762d755
rtos-project	projects/RTOS项目/源码/dht11-timing.svg	attachment-evidence	evidence-layer	no	no	none	diagram-attachment	retain-attachment-no-skill	动画/图示附件；只能说明表达意图，不能证明源码执行或硬件实测	4699	cb12c62ff5c7958b
rtos-project	projects/RTOS项目/源码/fix_review.py	code-or-config	domain-referenced	no	yes	none	repair-tool-script	retain-tool-provenance-no-skill	修复/清理脚本；不代表产品运行路径或测试结果	3527	901747ff5e09e807
rtos-project	projects/RTOS项目/源码/keilkilll.bat	code-or-config	domain-referenced	no	yes	none	repair-tool-script	retain-tool-provenance-no-skill	修复/清理脚本；不代表产品运行路径或测试结果	407	78edd44915f6edcc
rtos-project	projects/RTOS项目/源码/repair_microsoft_store.ps1	other-binary-or-config	domain-referenced	no	yes	none	repair-tool-script	retain-tool-provenance-no-skill	修复/清理脚本；不代表产品运行路径或测试结果	1092	d2e6c9f3bde465cd
rtos-project	projects/RTOS项目/源码/tools/APP.bin	build-artifact	evidence-layer	no	no	none	build-or-evidence-artifact	retain-evidence-no-skill	构建/二进制/列表历史证据；可核对身份/布局，不能证明 Flash、启动或运行	3688	20b796d59dfe0ffd
rtos-project	projects/RTOS项目/源码/tools/APP_crc.bin	build-artifact	evidence-layer	no	no	none	build-or-evidence-artifact	retain-evidence-no-skill	构建/二进制/列表历史证据；可核对身份/布局，不能证明 Flash、启动或运行	3692	bcddb5a9974b9952
rtos-project	projects/RTOS项目/源码/文件夹说明.txt	knowledge-document	domain-referenced	no	yes	none	directory-note-unlinked	retain-context-no-skill	目录说明；仅上下文，不足以证明源码行为	444	86936ed788892761
