client	skill	status	canonical_sha256_16	client_sha256_16	difference_kind	missing_files	extra_files	changed_files	canonical_path	client_path
zcode	algorithm-active-recall-loop	same	386140e76d4370e1	386140e76d4370e1	same				distillation/skills/algorithm-active-recall-loop/SKILL.md	/Users/zhaowenqiang/.zcode/skills/algorithm-active-recall-loop/SKILL.md
zcode	algorithm-problem-framework-selection	same	8c570e8a2bcb0a95	8c570e8a2bcb0a95	same				distillation/skills/algorithm-problem-framework-selection/SKILL.md	/Users/zhaowenqiang/.zcode/skills/algorithm-problem-framework-selection/SKILL.md
zcode	algorithm-state-and-invariant-derivation	same	7f6323321f0ee1d6	7f6323321f0ee1d6	same				distillation/skills/algorithm-state-and-invariant-derivation/SKILL.md	/Users/zhaowenqiang/.zcode/skills/algorithm-state-and-invariant-derivation/SKILL.md
zcode	cmake-source-discovery-incremental-build-audit	same	5f6d9eea9257c059	5f6d9eea9257c059	same				distillation/skills/cmake-source-discovery-incremental-build-audit/SKILL.md	/Users/zhaowenqiang/.zcode/skills/cmake-source-discovery-incremental-build-audit/SKILL.md
zcode	embedded-arm-linux-boot-chain	same	dc287d2a0f791661	dc287d2a0f791661	same				distillation/skills/embedded-arm-linux-boot-chain/SKILL.md	/Users/zhaowenqiang/.zcode/skills/embedded-arm-linux-boot-chain/SKILL.md
zcode	embedded-bus-selection	same	a3dce7ab2a099687	a3dce7ab2a099687	same				distillation/skills/embedded-bus-selection/SKILL.md	/Users/zhaowenqiang/.zcode/skills/embedded-bus-selection/SKILL.md
zcode	embedded-c-storage-linkage-audit	same	4cb7510f65d5e3f5	4cb7510f65d5e3f5	same				distillation/skills/embedded-c-storage-linkage-audit/SKILL.md	/Users/zhaowenqiang/.zcode/skills/embedded-c-storage-linkage-audit/SKILL.md
zcode	embedded-c-struct-binary-contract-audit	same	fac8a2ab417dc432	fac8a2ab417dc432	same				distillation/skills/embedded-c-struct-binary-contract-audit/SKILL.md	/Users/zhaowenqiang/.zcode/skills/embedded-c-struct-binary-contract-audit/SKILL.md
zcode	embedded-cpp-resource-lifetime	same	645f85b9d3eb35c1	645f85b9d3eb35c1	same				distillation/skills/embedded-cpp-resource-lifetime/SKILL.md	/Users/zhaowenqiang/.zcode/skills/embedded-cpp-resource-lifetime/SKILL.md
zcode	embedded-interview-layered-answer	same	738defe33b7a803b	738defe33b7a803b	same				distillation/skills/embedded-interview-layered-answer/SKILL.md	/Users/zhaowenqiang/.zcode/skills/embedded-interview-layered-answer/SKILL.md
zcode	embedded-learning-state-and-active-recall	same	71a6160a8f04c4ee	71a6160a8f04c4ee	same				distillation/skills/embedded-learning-state-and-active-recall/SKILL.md	/Users/zhaowenqiang/.zcode/skills/embedded-learning-state-and-active-recall/SKILL.md
zcode	embedded-memory-lifetime-and-pool-design	same	b7ab50c834a4c022	b7ab50c834a4c022	same				distillation/skills/embedded-memory-lifetime-and-pool-design/SKILL.md	/Users/zhaowenqiang/.zcode/skills/embedded-memory-lifetime-and-pool-design/SKILL.md
zcode	embedded-numeric-contract-audit	same	ba46e5f20c33d1ec	ba46e5f20c33d1ec	same				distillation/skills/embedded-numeric-contract-audit/SKILL.md	/Users/zhaowenqiang/.zcode/skills/embedded-numeric-contract-audit/SKILL.md
zcode	interactive-lab-fact-boundary-audit	same	adcd5e1c172cb9a6	adcd5e1c172cb9a6	same				distillation/skills/interactive-lab-fact-boundary-audit/SKILL.md	/Users/zhaowenqiang/.zcode/skills/interactive-lab-fact-boundary-audit/SKILL.md
zcode	linux-buddy-fragmentation-diagnosis	same	c73445cd9e8ae660	c73445cd9e8ae660	same				distillation/skills/linux-buddy-fragmentation-diagnosis/SKILL.md	/Users/zhaowenqiang/.zcode/skills/linux-buddy-fragmentation-diagnosis/SKILL.md
zcode	linux-build-debug-chain	same	9d9a22513bf43aba	9d9a22513bf43aba	same				distillation/skills/linux-build-debug-chain/SKILL.md	/Users/zhaowenqiang/.zcode/skills/linux-build-debug-chain/SKILL.md
zcode	linux-driver-device-tree-boundary	same	42f71120e5856130	42f71120e5856130	same				distillation/skills/linux-driver-device-tree-boundary/SKILL.md	/Users/zhaowenqiang/.zcode/skills/linux-driver-device-tree-boundary/SKILL.md
zcode	linux-ebpf-map-counter-contract	same	2b24a2ccdac2a139	2b24a2ccdac2a139	same				distillation/skills/linux-ebpf-map-counter-contract/SKILL.md	/Users/zhaowenqiang/.zcode/skills/linux-ebpf-map-counter-contract/SKILL.md
zcode	linux-fd-process-io-debugging	same	6bd30c246178c7e9	6bd30c246178c7e9	same				distillation/skills/linux-fd-process-io-debugging/SKILL.md	/Users/zhaowenqiang/.zcode/skills/linux-fd-process-io-debugging/SKILL.md
zcode	linux-file-persistence-crash-consistency	same	e205521e025de511	e205521e025de511	same				distillation/skills/linux-file-persistence-crash-consistency/SKILL.md	/Users/zhaowenqiang/.zcode/skills/linux-file-persistence-crash-consistency/SKILL.md
zcode	linux-memory-ebpf-pipeline	same	8198d4ee0d72a99d	8198d4ee0d72a99d	same				distillation/skills/linux-memory-ebpf-pipeline/SKILL.md	/Users/zhaowenqiang/.zcode/skills/linux-memory-ebpf-pipeline/SKILL.md
zcode	linux-memory-fastpath-observation-contract	same	97bbee75c41522fb	97bbee75c41522fb	same				distillation/skills/linux-memory-fastpath-observation-contract/SKILL.md	/Users/zhaowenqiang/.zcode/skills/linux-memory-fastpath-observation-contract/SKILL.md
zcode	linux-memory-source-audit	same	4018d081484c1e09	4018d081484c1e09	same				distillation/skills/linux-memory-source-audit/SKILL.md	/Users/zhaowenqiang/.zcode/skills/linux-memory-source-audit/SKILL.md
zcode	linux-process-signal-daemon-lifecycle	same	82cdd52eaab40057	82cdd52eaab40057	same				distillation/skills/linux-process-signal-daemon-lifecycle/SKILL.md	/Users/zhaowenqiang/.zcode/skills/linux-process-signal-daemon-lifecycle/SKILL.md
zcode	linux-rx-napi-path-diagnosis	same	c6461a0fd86bb2f8	c6461a0fd86bb2f8	same				distillation/skills/linux-rx-napi-path-diagnosis/SKILL.md	/Users/zhaowenqiang/.zcode/skills/linux-rx-napi-path-diagnosis/SKILL.md
zcode	linux-socket-multiplexing-design	same	91195015ed91c64c	91195015ed91c64c	same				distillation/skills/linux-socket-multiplexing-design/SKILL.md	/Users/zhaowenqiang/.zcode/skills/linux-socket-multiplexing-design/SKILL.md
zcode	linux-tcp-loss-path-diagnosis	same	17678d0001493eb7	17678d0001493eb7	same				distillation/skills/linux-tcp-loss-path-diagnosis/SKILL.md	/Users/zhaowenqiang/.zcode/skills/linux-tcp-loss-path-diagnosis/SKILL.md
zcode	linux-thread-sync-deadlock-diagnosis	same	f2e1204b357778a8	f2e1204b357778a8	same				distillation/skills/linux-thread-sync-deadlock-diagnosis/SKILL.md	/Users/zhaowenqiang/.zcode/skills/linux-thread-sync-deadlock-diagnosis/SKILL.md
zcode	linux-udp-broadcast-reachability-contract	same	3bff368ecb2ef560	3bff368ecb2ef560	same				distillation/skills/linux-udp-broadcast-reachability-contract/SKILL.md	/Users/zhaowenqiang/.zcode/skills/linux-udp-broadcast-reachability-contract/SKILL.md
zcode	linux-udp-datagram-endpoint-routing	same	ff9078e820547a8e	ff9078e820547a8e	same				distillation/skills/linux-udp-datagram-endpoint-routing/SKILL.md	/Users/zhaowenqiang/.zcode/skills/linux-udp-datagram-endpoint-routing/SKILL.md
zcode	linux-udp-multicast-interface-membership-contract	same	ae0328ed29fdb68c	ae0328ed29fdb68c	same				distillation/skills/linux-udp-multicast-interface-membership-contract/SKILL.md	/Users/zhaowenqiang/.zcode/skills/linux-udp-multicast-interface-membership-contract/SKILL.md
zcode	linux-userspace-timer-drift-audit	same	4dd6e77926e9dcab	4dd6e77926e9dcab	same				distillation/skills/linux-userspace-timer-drift-audit/SKILL.md	/Users/zhaowenqiang/.zcode/skills/linux-userspace-timer-drift-audit/SKILL.md
zcode	linux-virtual-memory-reclaim-path	same	0257878917722c47	0257878917722c47	same				distillation/skills/linux-virtual-memory-reclaim-path/SKILL.md	/Users/zhaowenqiang/.zcode/skills/linux-virtual-memory-reclaim-path/SKILL.md
zcode	linux-vision-build-provenance-audit	same	810c2f3bc2843c77	810c2f3bc2843c77	same				distillation/skills/linux-vision-build-provenance-audit/SKILL.md	/Users/zhaowenqiang/.zcode/skills/linux-vision-build-provenance-audit/SKILL.md
zcode	linux-vision-file-ipc-lifecycle-audit	same	1cd956ff00d50be7	1cd956ff00d50be7	same				distillation/skills/linux-vision-file-ipc-lifecycle-audit/SKILL.md	/Users/zhaowenqiang/.zcode/skills/linux-vision-file-ipc-lifecycle-audit/SKILL.md
zcode	linux-vision-pipeline-and-optimization	same	87e5b34868deb471	87e5b34868deb471	same				distillation/skills/linux-vision-pipeline-and-optimization/SKILL.md	/Users/zhaowenqiang/.zcode/skills/linux-vision-pipeline-and-optimization/SKILL.md
zcode	linux-vision-project-storytelling	same	387b163ce8b99a51	387b163ce8b99a51	same				distillation/skills/linux-vision-project-storytelling/SKILL.md	/Users/zhaowenqiang/.zcode/skills/linux-vision-project-storytelling/SKILL.md
zcode	linux-vision-qt-image-buffer-adapter-audit	same	11bcc89e3acfaecd	11bcc89e3acfaecd	same				distillation/skills/linux-vision-qt-image-buffer-adapter-audit/SKILL.md	/Users/zhaowenqiang/.zcode/skills/linux-vision-qt-image-buffer-adapter-audit/SKILL.md
zcode	linux-vision-resource-telemetry-contract-audit	same	ef9344c2c142b1bf	ef9344c2c142b1bf	same				distillation/skills/linux-vision-resource-telemetry-contract-audit/SKILL.md	/Users/zhaowenqiang/.zcode/skills/linux-vision-resource-telemetry-contract-audit/SKILL.md
zcode	qt-event-loop-signal-slot-audit	same	acf6377ecc8577e5	acf6377ecc8577e5	same				distillation/skills/qt-event-loop-signal-slot-audit/SKILL.md	/Users/zhaowenqiang/.zcode/skills/qt-event-loop-signal-slot-audit/SKILL.md
zcode	rtos-auto-mode-state-machine	same	848f401528a4c248	848f401528a4c248	same				distillation/skills/rtos-auto-mode-state-machine/SKILL.md	/Users/zhaowenqiang/.zcode/skills/rtos-auto-mode-state-machine/SKILL.md
zcode	rtos-build-flash-runtime-provenance	same	bced2c2c4010f258	bced2c2c4010f258	same				distillation/skills/rtos-build-flash-runtime-provenance/SKILL.md	/Users/zhaowenqiang/.zcode/skills/rtos-build-flash-runtime-provenance/SKILL.md
zcode	rtos-communication-debugging	same	648493b02772ee13	648493b02772ee13	same				distillation/skills/rtos-communication-debugging/SKILL.md	/Users/zhaowenqiang/.zcode/skills/rtos-communication-debugging/SKILL.md
zcode	rtos-display-buzzer-feedback	same	c24ba452d3feee64	c24ba452d3feee64	same				distillation/skills/rtos-display-buzzer-feedback/SKILL.md	/Users/zhaowenqiang/.zcode/skills/rtos-display-buzzer-feedback/SKILL.md
zcode	rtos-freertos-config-and-boot	same	67b2a73ac50d3918	67b2a73ac50d3918	same				distillation/skills/rtos-freertos-config-and-boot/SKILL.md	/Users/zhaowenqiang/.zcode/skills/rtos-freertos-config-and-boot/SKILL.md
zcode	rtos-iap-firmware-upgrade	same	f073eb46fdc4587c	f073eb46fdc4587c	same				distillation/skills/rtos-iap-firmware-upgrade/SKILL.md	/Users/zhaowenqiang/.zcode/skills/rtos-iap-firmware-upgrade/SKILL.md
zcode	rtos-key-event-state-machine	same	a281d6720b927988	a281d6720b927988	same				distillation/skills/rtos-key-event-state-machine/SKILL.md	/Users/zhaowenqiang/.zcode/skills/rtos-key-event-state-machine/SKILL.md
zcode	rtos-motor-pid-control	same	509aba05ef9d7f3e	509aba05ef9d7f3e	same				distillation/skills/rtos-motor-pid-control/SKILL.md	/Users/zhaowenqiang/.zcode/skills/rtos-motor-pid-control/SKILL.md
zcode	rtos-project-storytelling	same	48f6e6c58ea98567	48f6e6c58ea98567	same				distillation/skills/rtos-project-storytelling/SKILL.md	/Users/zhaowenqiang/.zcode/skills/rtos-project-storytelling/SKILL.md
zcode	rtos-runtime-fault-diagnosis	same	e3b3d46c958f699f	e3b3d46c958f699f	same				distillation/skills/rtos-runtime-fault-diagnosis/SKILL.md	/Users/zhaowenqiang/.zcode/skills/rtos-runtime-fault-diagnosis/SKILL.md
zcode	rtos-sensor-acquisition-and-fusion	same	61bcb2adc2d3e221	61bcb2adc2d3e221	same				distillation/skills/rtos-sensor-acquisition-and-fusion/SKILL.md	/Users/zhaowenqiang/.zcode/skills/rtos-sensor-acquisition-and-fusion/SKILL.md
zcode	rtos-software-timer-periodic-design	same	3ed984cb8ba5796c	3ed984cb8ba5796c	same				distillation/skills/rtos-software-timer-periodic-design/SKILL.md	/Users/zhaowenqiang/.zcode/skills/rtos-software-timer-periodic-design/SKILL.md
zcode	rtos-task-and-isr-design	same	06a395c7aeaa3046	06a395c7aeaa3046	same				distillation/skills/rtos-task-and-isr-design/SKILL.md	/Users/zhaowenqiang/.zcode/skills/rtos-task-and-isr-design/SKILL.md
zcode	stm32-clock-and-sampling-timing	same	d4a4d527391ea623	d4a4d527391ea623	same				distillation/skills/stm32-clock-and-sampling-timing/SKILL.md	/Users/zhaowenqiang/.zcode/skills/stm32-clock-and-sampling-timing/SKILL.md
zcode	vault-source-boundary-and-derived-artifact-audit	same	674fa2e7fd8d20da	674fa2e7fd8d20da	same				distillation/skills/vault-source-boundary-and-derived-artifact-audit/SKILL.md	/Users/zhaowenqiang/.zcode/skills/vault-source-boundary-and-derived-artifact-audit/SKILL.md
zcode	vision-model-tensor-contract-audit	same	d06960f55a4ff8c3	d06960f55a4ff8c3	same				distillation/skills/vision-model-tensor-contract-audit/SKILL.md	/Users/zhaowenqiang/.zcode/skills/vision-model-tensor-contract-audit/SKILL.md
